"country","country_code","year","cases","population","cases_per_million"
"Algeria","DZA",1980,15527,18607174,834.5
"Algeria","DZA",1981,20849,19220704,1084.7
"Algeria","DZA",1982,29584,19872348,1488.7
"Algeria","DZA",1983,22126,20558115,1076.3
"Algeria","DZA",1984,22553,21271969,1060.2
"Algeria","DZA",1985,20114,22008544,913.9
"Algeria","DZA",1986,3975,22745499,174.8
"Algeria","DZA",1987,2500,23443624,106.6
"Algeria","DZA",1988,2634,24109536,109.3
"Algeria","DZA",1989,4169,24754485,168.4
"Algeria","DZA",1990,1796,25375810,70.8
"Algeria","DZA",1991,5969,25987928,229.7
"Algeria","DZA",1992,8823,26628568,331.3
"Algeria","DZA",1993,3141,27277048,115.2
"Algeria","DZA",1994,5913,27887279,212
"Algeria","DZA",1995,8204,28470191,288.2
"Algeria","DZA",1996,21003,29033044,723.4
"Algeria","DZA",1997,19573,29579301,661.7
"Algeria","DZA",1998,3301,30054133,109.8
"Algeria","DZA",1999,2503,30474354,82.1
"Algeria","DZA",2001,2686,31331221,85.7
"Algeria","DZA",2002,5862,31750835,184.6
"Algeria","DZA",2003,15374,32175818,477.8
"Algeria","DZA",2004,3289,32628286,100.8
"Algeria","DZA",2005,2302,33109249,69.5
"Algeria","DZA",2006,944,33623506,28.1
"Algeria","DZA",2007,0,34189416,0
"Algeria","DZA",2008,217,34816961,6.2
"Algeria","DZA",2009,107,35490445,3
"Algeria","DZA",2010,103,36188236,2.8
"Algeria","DZA",2011,112,36903376,3
"Algeria","DZA",2012,18,37646166,0.5
"Algeria","DZA",2013,25,38414171,0.7
"Algeria","DZA",2014,0,39205031,0
"Algeria","DZA",2015,63,40019529,1.6
"Algeria","DZA",2016,41,40850721,1
"Algeria","DZA",2017,112,41689299,2.7
"Algeria","DZA",2018,3356,42505035,79
"Algeria","DZA",2019,2585,43294546,59.7
"Algeria","DZA",2022,47,45477389,1
"Algeria","DZA",2023,203,46164219,4.4
"Angola","AGO",1980,29656,8133872,3646
"Angola","AGO",1981,19714,8435607,2337
"Angola","AGO",1982,30067,8751648,3435.6
"Angola","AGO",1983,22589,9082983,2487
"Angola","AGO",1984,22685,9425917,2406.7
"Angola","AGO",1985,22822,9779120,2333.7
"Angola","AGO",1986,15580,10139450,1536.6
"Angola","AGO",1987,13368,10497858,1273.4
"Angola","AGO",1988,21009,10861291,1934.3
"Angola","AGO",1989,19820,11238562,1763.6
"Angola","AGO",1990,29069,11626360,2500.3
"Angola","AGO",1991,18382,12023529,1528.8
"Angola","AGO",1992,16772,12423712,1350
"Angola","AGO",1993,9273,12827135,722.9
"Angola","AGO",1994,5480,13249764,413.6
"Angola","AGO",1995,635,13699778,46.4
"Angola","AGO",1996,251,14170973,17.7
"Angola","AGO",1997,8183,14660413,558.2
"Angola","AGO",1998,2576,15159370,169.9
"Angola","AGO",1999,350,15667235,22.3
"Angola","AGO",2000,2219,16194869,137
"Angola","AGO",2001,9046,16747208,540.1
"Angola","AGO",2002,11945,17327699,689.4
"Angola","AGO",2003,1196,17943712,66.7
"Angola","AGO",2004,29,18600423,1.6
"Angola","AGO",2005,258,19291161,13.4
"Angola","AGO",2006,765,20015279,38.2
"Angola","AGO",2007,1014,20778561,48.8
"Angola","AGO",2008,265,21578655,12.3
"Angola","AGO",2009,2807,22414773,125.2
"Angola","AGO",2010,1190,23294825,51.1
"Angola","AGO",2011,1449,24218352,59.8
"Angola","AGO",2012,4458,25177394,177.1
"Angola","AGO",2013,8523,26165620,325.7
"Angola","AGO",2014,11699,27160769,430.7
"Angola","AGO",2015,119,28157798,4.2
"Angola","AGO",2016,53,29183070,1.8
"Angola","AGO",2017,29,30234839,1
"Angola","AGO",2018,57,31297155,1.8
"Angola","AGO",2019,2987,32375632,92.3
"Angola","AGO",2020,1085,33451132,32.4
"Angola","AGO",2021,300,34532429,8.7
"Angola","AGO",2022,3271,35635029,91.8
"Angola","AGO",2023,3508,36749906,95.5
"Benin","BEN",1980,18635,3925251,4747.5
"Benin","BEN",1981,12378,4038307,3065.1
"Benin","BEN",1982,11850,4156596,2850.9
"Benin","BEN",1983,11774,4278978,2751.6
"Benin","BEN",1984,13437,4405895,3049.8
"Benin","BEN",1985,13210,4538012,2911
"Benin","BEN",1986,7374,4675420,1577.2
"Benin","BEN",1987,13180,4818486,2735.3
"Benin","BEN",1988,5275,4967341,1061.9
"Benin","BEN",1989,3281,5121657,640.6
"Benin","BEN",1991,5396,5446932,990.6
"Benin","BEN",1992,3049,5617844,542.7
"Benin","BEN",1993,4102,5872706,698.5
"Benin","BEN",1994,7557,6096506,1239.6
"Benin","BEN",1995,10469,6226773,1681.3
"Benin","BEN",1996,1365,6391858,213.6
"Benin","BEN",1997,9521,6583365,1446.2
"Benin","BEN",1998,648,6789489,95.4
"Benin","BEN",1999,2573,7002818,367.4
"Benin","BEN",2000,4244,7221619,587.7
"Benin","BEN",2001,5859,7445596,786.9
"Benin","BEN",2002,1588,7675426,206.9
"Benin","BEN",2003,217,7913070,27.4
"Benin","BEN",2004,262,8159094,32.1
"Benin","BEN",2005,210,8426144,24.9
"Benin","BEN",2006,176,8693242,20.2
"Benin","BEN",2007,341,8953969,38.1
"Benin","BEN",2008,928,9228466,100.6
"Benin","BEN",2009,1461,9509423,153.6
"Benin","BEN",2010,392,9797484,40
"Benin","BEN",2011,426,10093623,42.2
"Benin","BEN",2012,288,10397657,27.7
"Benin","BEN",2013,637,10708834,59.5
"Benin","BEN",2014,786,11030004,71.3
"Benin","BEN",2015,55,11360681,4.8
"Benin","BEN",2016,89,11697842,7.6
"Benin","BEN",2017,97,12039780,8.1
"Benin","BEN",2018,493,12383347,39.8
"Benin","BEN",2019,437,12726755,34.3
"Benin","BEN",2020,18,13070169,1.4
"Benin","BEN",2021,35,13413417,2.6
"Benin","BEN",2022,455,13759501,33.1
"Benin","BEN",2023,478,14111034,33.9
"Botswana","BWA",1980,4091,937485,4363.8
"Botswana","BWA",1981,2157,969996,2223.7
"Botswana","BWA",1982,1512,1009269,1498.1
"Botswana","BWA",1983,6542,1046137,6253.5
"Botswana","BWA",1984,9249,1083660,8535
"Botswana","BWA",1985,1684,1121945,1501
"Botswana","BWA",1986,1018,1160650,877.1
"Botswana","BWA",1987,126,1199167,105.1
"Botswana","BWA",1988,711,1235476,575.5
"Botswana","BWA",1989,3771,1270274,2968.7
"Botswana","BWA",1990,1218,1305696,932.8
"Botswana","BWA",1991,565,1341756,421.1
"Botswana","BWA",1992,566,1380033,410.1
"Botswana","BWA",1993,5327,1420115,3751.1
"Botswana","BWA",1994,2447,1460023,1676
"Botswana","BWA",1995,478,1498836,318.9
"Botswana","BWA",1996,1030,1535914,670.6
"Botswana","BWA",1997,5032,1571691,3201.6
"Botswana","BWA",1998,700,1606899,435.6
"Botswana","BWA",1999,439,1641997,267.4
"Botswana","BWA",2000,2672,1677382,1593
"Botswana","BWA",2001,1,1712254,0.6
"Botswana","BWA",2002,7,1744763,4
"Botswana","BWA",2003,59,1775736,33.2
"Botswana","BWA",2004,1,1807146,0.6
"Botswana","BWA",2005,5,1839877,2.7
"Botswana","BWA",2006,6,1874516,3.2
"Botswana","BWA",2007,1,1911201,0.5
"Botswana","BWA",2008,0,1949970,0
"Botswana","BWA",2009,184,1990673,92.4
"Botswana","BWA",2010,853,2033111,419.6
"Botswana","BWA",2011,8,2073535,3.9
"Botswana","BWA",2012,7,2108617,3.3
"Botswana","BWA",2013,1,2140682,0.5
"Botswana","BWA",2014,1,2172044,0.5
"Botswana","BWA",2015,0,2203273,0
"Botswana","BWA",2016,1,2234776,0.4
"Botswana","BWA",2017,0,2266747,0
"Botswana","BWA",2018,0,2299141,0
"Botswana","BWA",2019,0,2332083,0
"Botswana","BWA",2020,5,2365894,2.1
"Botswana","BWA",2021,0,2401441,0
"Botswana","BWA",2022,1,2439892,0.4
"Botswana","BWA",2023,63,2480244,25.4
"Burkina Faso","BFA",1980,13713,6947900,1973.7
"Burkina Faso","BFA",1981,17327,7140271,2426.7
"Burkina Faso","BFA",1982,20940,7340197,2852.8
"Burkina Faso","BFA",1983,21395,7551129,2833.4
"Burkina Faso","BFA",1984,30094,7772256,3872
"Burkina Faso","BFA",1985,17461,7999935,2182.6
"Burkina Faso","BFA",1986,11722,8228847,1424.5
"Burkina Faso","BFA",1987,28282,8457109,3344.2
"Burkina Faso","BFA",1988,7782,8687435,895.8
"Burkina Faso","BFA",1989,7474,8921175,837.8
"Burkina Faso","BFA",1990,9804,9159356,1070.4
"Burkina Faso","BFA",1991,6590,9394632,701.5
"Burkina Faso","BFA",1992,21751,9629275,2258.8
"Burkina Faso","BFA",1993,14445,9871713,1463.3
"Burkina Faso","BFA",1994,2925,10123798,288.9
"Burkina Faso","BFA",1995,5669,10386722,545.8
"Burkina Faso","BFA",1996,18534,10655942,1739.3
"Burkina Faso","BFA",1997,1438,10934223,131.5
"Burkina Faso","BFA",1999,5516,11574928,476.5
"Burkina Faso","BFA",2000,6074,11925546,509.3
"Burkina Faso","BFA",2001,4174,12295001,339.5
"Burkina Faso","BFA",2002,1744,12680897,137.5
"Burkina Faso","BFA",2003,2946,13082532,225.2
"Burkina Faso","BFA",2004,77,13500533,5.7
"Burkina Faso","BFA",2005,253,13932123,18.2
"Burkina Faso","BFA",2006,125,14373707,8.7
"Burkina Faso","BFA",2007,12,14816307,0.8
"Burkina Faso","BFA",2008,395,15258093,25.9
"Burkina Faso","BFA",2009,54118,15710066,3444.8
"Burkina Faso","BFA",2010,2511,16176498,155.2
"Burkina Faso","BFA",2011,860,16661908,51.6
"Burkina Faso","BFA",2012,7362,17172287,428.7
"Burkina Faso","BFA",2013,375,17695409,21.2
"Burkina Faso","BFA",2014,343,18229461,18.8
"Burkina Faso","BFA",2015,99,18777487,5.3
"Burkina Faso","BFA",2016,226,19334856,11.7
"Burkina Faso","BFA",2017,49,19894407,2.5
"Burkina Faso","BFA",2018,4072,20438288,199.2
"Burkina Faso","BFA",2019,672,20961952,32.1
"Burkina Faso","BFA",2020,2480,21478690,115.5
"Burkina Faso","BFA",2022,252,22509038,11.2
"Burkina Faso","BFA",2023,680,23025776,29.5
"Burundi","BDI",1980,49227,4383706,11229.5
"Burundi","BDI",1981,58970,4566014,12915
"Burundi","BDI",1982,42051,4681390,8982.6
"Burundi","BDI",1983,49302,4808528,10253
"Burundi","BDI",1984,28587,4926465,5802.7
"Burundi","BDI",1985,36740,5034042,7298.3
"Burundi","BDI",1986,39631,5129414,7726.2
"Burundi","BDI",1987,23297,5247787,4439.4
"Burundi","BDI",1988,33261,5365327,6199.2
"Burundi","BDI",1989,28014,5471706,5119.8
"Burundi","BDI",1990,13282,5587052,2377.3
"Burundi","BDI",1991,10397,5703857,1822.8
"Burundi","BDI",1992,22344,5858407,3814
"Burundi","BDI",1993,23869,5676843,4204.6
"Burundi","BDI",1994,7192,5713854,1258.7
"Burundi","BDI",1995,14782,6066316,2436.7
"Burundi","BDI",1996,16099,6070506,2652
"Burundi","BDI",1997,1273,6070042,209.7
"Burundi","BDI",1998,1449,6187108,234.2
"Burundi","BDI",1999,2928,6337155,462
"Burundi","BDI",2000,18363,6470194,2838.1
"Burundi","BDI",2002,1016,6824132,148.9
"Burundi","BDI",2003,224,7043154,31.8
"Burundi","BDI",2004,2,7310656,0.3
"Burundi","BDI",2005,0,7587299,0
"Burundi","BDI",2006,784,7865547,99.7
"Burundi","BDI",2007,43,8161874,5.3
"Burundi","BDI",2008,173,8505637,20.3
"Burundi","BDI",2009,305,8947646,34.1
"Burundi","BDI",2010,495,9376444,52.8
"Burundi","BDI",2011,129,9717978,13.3
"Burundi","BDI",2012,49,10071028,4.9
"Burundi","BDI",2013,0,10439341,0
"Burundi","BDI",2014,0,10799785,0
"Burundi","BDI",2015,9,11047580,0.8
"Burundi","BDI",2016,16,11239451,1.4
"Burundi","BDI",2017,18,11506762,1.6
"Burundi","BDI",2018,9,11859446,0.8
"Burundi","BDI",2019,112,12255336,9.1
"Burundi","BDI",2020,1700,12617036,134.7
"Burundi","BDI",2021,369,12965481,28.5
"Burundi","BDI",2022,212,13321097,15.9
"Burundi","BDI",2023,1684,13689450,123
"Cabo Verde","CPV",1980,1279,323301,3956.1
"Cabo Verde","CPV",1981,150,327846,457.5
"Cabo Verde","CPV",1982,1282,332724,3853
"Cabo Verde","CPV",1983,1385,337654,4101.8
"Cabo Verde","CPV",1984,49,342505,143.1
"Cabo Verde","CPV",1985,3048,347365,8774.6
"Cabo Verde","CPV",1987,450,357302,1259.4
"Cabo Verde","CPV",1988,7,362329,19.3
"Cabo Verde","CPV",1989,1,367803,2.7
"Cabo Verde","CPV",1990,0,375428,0
"Cabo Verde","CPV",1991,7,384586,18.2
"Cabo Verde","CPV",1992,1,393415,2.5
"Cabo Verde","CPV",1993,0,401965,0
"Cabo Verde","CPV",1994,30,410228,73.1
"Cabo Verde","CPV",1995,10,418104,23.9
"Cabo Verde","CPV",1996,0,425581,0
"Cabo Verde","CPV",1997,8584,432798,19833.7
"Cabo Verde","CPV",1998,289,439784,657.1
"Cabo Verde","CPV",1999,1,446519,2.2
"Cabo Verde","CPV",2000,2,453317,4.4
"Cabo Verde","CPV",2001,0,460293,0
"Cabo Verde","CPV",2002,0,467046,0
"Cabo Verde","CPV",2003,0,473383,0
"Cabo Verde","CPV",2004,0,479370,0
"Cabo Verde","CPV",2005,0,485115,0
"Cabo Verde","CPV",2006,0,490728,0
"Cabo Verde","CPV",2007,0,496190,0
"Cabo Verde","CPV",2008,0,501355,0
"Cabo Verde","CPV",2009,0,506141,0
"Cabo Verde","CPV",2010,0,509784,0
"Cabo Verde","CPV",2011,0,511447,0
"Cabo Verde","CPV",2012,0,511955,0
"Cabo Verde","CPV",2013,0,512225,0
"Cabo Verde","CPV",2014,0,512326,0
"Cabo Verde","CPV",2015,0,512394,0
"Cabo Verde","CPV",2017,0,512893,0
"Cabo Verde","CPV",2018,0,513415,0
"Cabo Verde","CPV",2019,0,514104,0
"Cabo Verde","CPV",2021,0,516649,0
"Cabo Verde","CPV",2022,0,519741,0
"Cabo Verde","CPV",2023,0,522331,0
"Cameroon","CMR",1981,10546,8816377,1196.2
"Cameroon","CMR",1982,33876,9028678,3752
"Cameroon","CMR",1983,58904,9215397,6391.9
"Cameroon","CMR",1984,38580,9475078,4071.7
"Cameroon","CMR",1985,47178,9761730,4833
"Cameroon","CMR",1986,31936,10060342,3174.4
"Cameroon","CMR",1987,16654,10370749,1605.9
"Cameroon","CMR",1988,23207,10684968,2171.9
"Cameroon","CMR",1989,24314,11002745,2209.8
"Cameroon","CMR",1990,21150,11331821,1866.4
"Cameroon","CMR",1991,14622,11667180,1253.3
"Cameroon","CMR",1992,27442,12006353,2285.6
"Cameroon","CMR",1993,10892,12353131,881.7
"Cameroon","CMR",1994,1548,12704903,121.8
"Cameroon","CMR",1995,2463,13058516,188.6
"Cameroon","CMR",1996,11770,13414757,877.4
"Cameroon","CMR",1997,7504,13775214,544.7
"Cameroon","CMR",1998,10731,14144860,758.7
"Cameroon","CMR",1999,10894,14525140,750
"Cameroon","CMR",2000,14629,14912631,981
"Cameroon","CMR",2001,23934,15309490,1563.3
"Cameroon","CMR",2002,1448,15725528,92.1
"Cameroon","CMR",2003,899,16160340,55.6
"Cameroon","CMR",2004,358,16610487,21.6
"Cameroon","CMR",2005,605,17074594,35.4
"Cameroon","CMR",2006,196,17550407,11.2
"Cameroon","CMR",2007,100,18049896,5.5
"Cameroon","CMR",2008,495,18574056,26.7
"Cameroon","CMR",2009,251,19113974,13.1
"Cameroon","CMR",2010,240,19668066,12.2
"Cameroon","CMR",2011,504,20232304,24.9
"Cameroon","CMR",2012,609,20809529,29.3
"Cameroon","CMR",2013,760,21402376,35.5
"Cameroon","CMR",2014,831,22059893,37.7
"Cameroon","CMR",2015,1809,22763414,79.5
"Cameroon","CMR",2016,338,23454161,14.4
"Cameroon","CMR",2017,712,24128601,29.5
"Cameroon","CMR",2018,814,24806383,32.8
"Cameroon","CMR",2019,2809,25506095,110.1
"Cameroon","CMR",2020,1509,26210558,57.6
"Cameroon","CMR",2021,771,26915758,28.6
"Cameroon","CMR",2022,3217,27632771,116.4
"Cameroon","CMR",2023,6105,28372687,215.2
"Central African Republic","CAF",1980,8280,2450535,3378.9
"Central African Republic","CAF",1981,3820,2478402,1541.3
"Central African Republic","CAF",1982,2563,2507375,1022.2
"Central African Republic","CAF",1983,1564,2537399,616.4
"Central African Republic","CAF",1984,6395,2568610,2489.7
"Central African Republic","CAF",1985,2446,2600932,940.4
"Central African Republic","CAF",1986,1785,2634258,677.6
"Central African Republic","CAF",1987,2148,2669155,804.7
"Central African Republic","CAF",1988,1898,2713965,699.3
"Central African Republic","CAF",1989,331,2783970,118.9
"Central African Republic","CAF",1990,1275,2871910,444
"Central African Republic","CAF",1991,3644,2963191,1229.8
"Central African Republic","CAF",1992,3022,3058831,988
"Central African Republic","CAF",1993,1694,3157839,536.4
"Central African Republic","CAF",1995,902,3348052,269.4
"Central African Republic","CAF",1996,248,3435965,72.2
"Central African Republic","CAF",1997,194,3531700,54.9
"Central African Republic","CAF",1998,146,3628827,40.2
"Central African Republic","CAF",1999,600,3729450,160.9
"Central African Republic","CAF",2000,3207,3833416,836.6
"Central African Republic","CAF",2001,2837,3919487,723.8
"Central African Republic","CAF",2002,938,4006077,234.1
"Central African Republic","CAF",2003,652,4103086,158.9
"Central African Republic","CAF",2004,1233,4192826,294.1
"Central African Republic","CAF",2005,471,4288810,109.8
"Central African Republic","CAF",2006,3,4377579,0.7
"Central African Republic","CAF",2007,49,4462770,11
"Central African Republic","CAF",2008,12,4558984,2.6
"Central African Republic","CAF",2009,11,4529047,2.4
"Central African Republic","CAF",2010,2,4492995,0.4
"Central African Republic","CAF",2011,679,4565021,148.7
"Central African Republic","CAF",2012,141,4610848,30.6
"Central African Republic","CAF",2013,596,4642419,128.4
"Central African Republic","CAF",2014,210,4623182,45.4
"Central African Republic","CAF",2015,150,4629320,32.4
"Central African Republic","CAF",2016,367,4713663,77.9
"Central African Republic","CAF",2017,801,4793511,167.1
"Central African Republic","CAF",2018,224,4878657,45.9
"Central African Republic","CAF",2019,3390,4944703,685.6
"Central African Republic","CAF",2020,3433,5026628,683
"Central African Republic","CAF",2021,286,5112100,55.9
"Central African Republic","CAF",2022,155,5098039,30.4
"Central African Republic","CAF",2023,3841,5152421,745.5
"Chad","TCD",1981,36,4520959,8
"Chad","TCD",1982,1223,4738483,258.1
"Chad","TCD",1983,5160,4979130,1036.3
"Chad","TCD",1984,6921,5045145,1371.8
"Chad","TCD",1985,6430,5096269,1261.7
"Chad","TCD",1986,3500,5251069,666.5
"Chad","TCD",1987,3623,5438309,666.2
"Chad","TCD",1988,3645,5625602,647.9
"Chad","TCD",1989,7449,5819586,1280
"Chad","TCD",1990,7226,5982833,1207.8
"Chad","TCD",1991,21182,6205676,3413.3
"Chad","TCD",1992,19035,6474656,2939.9
"Chad","TCD",1993,20894,6629146,3151.8
"Chad","TCD",1994,9696,6783450,1429.4
"Chad","TCD",1995,21952,7089064,3096.6
"Chad","TCD",1996,24162,7410108,3260.7
"Chad","TCD",1997,10446,7670366,1361.9
"Chad","TCD",1998,12371,7938840,1558.3
"Chad","TCD",1999,6868,8222705,835.2
"Chad","TCD",2000,3546,8512093,416.6
"Chad","TCD",2001,24908,8804124,2829.1
"Chad","TCD",2002,7277,9116192,798.2
"Chad","TCD",2003,15801,9487833,1665.4
"Chad","TCD",2004,10324,9920036,1040.7
"Chad","TCD",2005,2,10328092,0.2
"Chad","TCD",2006,1594,10706424,148.9
"Chad","TCD",2007,441,11081660,39.8
"Chad","TCD",2008,63,11476296,5.5
"Chad","TCD",2009,165,11893754,13.9
"Chad","TCD",2010,194,12312575,15.8
"Chad","TCD",2011,8650,12754997,678.2
"Chad","TCD",2012,120,13210998,9.1
"Chad","TCD",2013,226,13691079,16.5
"Chad","TCD",2014,1275,14188678,89.9
"Chad","TCD",2015,418,14647621,28.5
"Chad","TCD",2016,118,15114655,7.8
"Chad","TCD",2017,9,15622759,0.6
"Chad","TCD",2018,1457,16156531,90.2
"Chad","TCD",2019,1882,16685223,112.8
"Chad","TCD",2020,2170,17224679,126
"Chad","TCD",2021,2577,17828273,144.5
"Chad","TCD",2022,2158,18455316,116.9
"Chad","TCD",2023,11862,19319064,614
"Comoros","COM",1980,1801,337721,5332.8
"Comoros","COM",1981,0,347382,0
"Comoros","COM",1982,0,357139,0
"Comoros","COM",1983,0,367233,0
"Comoros","COM",1984,0,377637,0
"Comoros","COM",1985,0,388352,0
"Comoros","COM",1986,0,399318,0
"Comoros","COM",1987,0,410439,0
"Comoros","COM",1988,0,421687,0
"Comoros","COM",1989,170,433103,392.5
"Comoros","COM",1990,2328,444596,5236.2
"Comoros","COM",1991,0,455556,0
"Comoros","COM",1992,0,465113,0
"Comoros","COM",1993,0,473682,0
"Comoros","COM",1994,2,482142,4.1
"Comoros","COM",1995,0,490586,0
"Comoros","COM",1996,0,499107,0
"Comoros","COM",1997,0,507777,0
"Comoros","COM",1998,0,516597,0
"Comoros","COM",1999,0,525886,0
"Comoros","COM",2002,0,558923,0
"Comoros","COM",2003,0,569798,0
"Comoros","COM",2004,0,580704,0
"Comoros","COM",2005,912,592677,1538.8
"Comoros","COM",2006,85,604753,140.6
"Comoros","COM",2007,0,616927,0
"Comoros","COM",2008,0,629307,0
"Comoros","COM",2009,1,641947,1.6
"Comoros","COM",2010,0,654836,0
"Comoros","COM",2011,3,668056,4.5
"Comoros","COM",2012,1,681630,1.5
"Comoros","COM",2013,0,696192,0
"Comoros","COM",2014,0,711503,0
"Comoros","COM",2015,0,726682,0
"Comoros","COM",2016,0,741741,0
"Comoros","COM",2017,0,756669,0
"Comoros","COM",2018,0,771590,0
"Comoros","COM",2019,65,786578,82.6
"Comoros","COM",2020,0,802163,0
"Comoros","COM",2021,0,818174,0
"Comoros","COM",2022,4,834188,4.8
"Comoros","COM",2023,51,850387,60
"Congo","COG",1980,11892,1828985,6502
"Congo","COG",1981,9668,1869759,5170.7
"Congo","COG",1982,12931,1910430,6768.6
"Congo","COG",1983,16642,1950321,8533
"Congo","COG",1984,18615,1999528,9309.7
"Congo","COG",1985,7600,2059311,3690.6
"Congo","COG",1986,6424,2120602,3029.3
"Congo","COG",1987,1420,2183473,650.3
"Congo","COG",1988,454,2247653,202
"Congo","COG",1989,498,2313558,215.3
"Congo","COG",1990,3608,2380560,1515.6
"Congo","COG",1991,4042,2449229,1650.3
"Congo","COG",1992,4302,2519465,1707.5
"Congo","COG",1993,693,2595124,267
"Congo","COG",1994,226,2673144,84.5
"Congo","COG",1995,2381,2749461,866
"Congo","COG",1996,3897,2826785,1378.6
"Congo","COG",1997,1267,2887862,438.7
"Congo","COG",1998,174,2952061,58.9
"Congo","COG",1999,313,3032874,103.2
"Congo","COG",2000,1678,3151345,532.5
"Congo","COG",2001,2152,3272537,657.6
"Congo","COG",2002,2788,3350771,832
"Congo","COG",2003,3712,3445753,1077.3
"Congo","COG",2004,3524,3565554,988.3
"Congo","COG",2005,146,3696393,39.5
"Congo","COG",2006,126,3837409,32.8
"Congo","COG",2007,84,3980430,21.1
"Congo","COG",2008,2,4113517,0.5
"Congo","COG",2009,1,4281219,0.2
"Congo","COG",2010,4,4462290,0.9
"Congo","COG",2011,315,4609724,68.3
"Congo","COG",2012,260,4740450,54.8
"Congo","COG",2013,124,4857099,25.5
"Congo","COG",2014,71,4975880,14.3
"Congo","COG",2015,1359,5097581,266.6
"Congo","COG",2016,277,5222536,53
"Congo","COG",2017,958,5351011,179
"Congo","COG",2018,28,5483118,5.1
"Congo","COG",2019,66,5616661,11.8
"Congo","COG",2020,37,5752791,6.4
"Congo","COG",2021,160,5892183,27.2
"Congo","COG",2022,6718,6035104,1113.2
"Congo","COG",2023,385,6182885,62.3
"Cote d'Ivoire","CIV",1980,7633,8220714,928.5
"Cote d'Ivoire","CIV",1981,14782,8556596,1727.6
"Cote d'Ivoire","CIV",1982,15605,8907936,1751.8
"Cote d'Ivoire","CIV",1983,7139,9272744,769.9
"Cote d'Ivoire","CIV",1984,5946,9650516,616.1
"Cote d'Ivoire","CIV",1985,8892,10040483,885.6
"Cote d'Ivoire","CIV",1986,23839,10440917,2283.2
"Cote d'Ivoire","CIV",1987,34170,10851475,3148.9
"Cote d'Ivoire","CIV",1988,16864,11275189,1495.7
"Cote d'Ivoire","CIV",1989,18660,11719771,1592.2
"Cote d'Ivoire","CIV",1990,17799,12189778,1460.2
"Cote d'Ivoire","CIV",1991,9902,12683870,780.7
"Cote d'Ivoire","CIV",1992,14765,13200310,1118.5
"Cote d'Ivoire","CIV",1993,7465,13735951,543.5
"Cote d'Ivoire","CIV",1995,30039,14855565,2022.1
"Cote d'Ivoire","CIV",1996,20858,15442312,1350.7
"Cote d'Ivoire","CIV",1997,9665,16047170,602.3
"Cote d'Ivoire","CIV",1998,12289,16663948,737.5
"Cote d'Ivoire","CIV",1999,4824,17215935,280.2
"Cote d'Ivoire","CIV",2000,5729,17699004,323.7
"Cote d'Ivoire","CIV",2001,5790,18178913,318.5
"Cote d'Ivoire","CIV",2002,5882,18654771,315.3
"Cote d'Ivoire","CIV",2003,4770,19125542,249.4
"Cote d'Ivoire","CIV",2004,3466,19595000,176.9
"Cote d'Ivoire","CIV",2005,115,20068458,5.7
"Cote d'Ivoire","CIV",2006,11,20546802,0.5
"Cote d'Ivoire","CIV",2007,5,21030558,0.2
"Cote d'Ivoire","CIV",2008,12,21514439,0.6
"Cote d'Ivoire","CIV",2009,183,21997940,8.3
"Cote d'Ivoire","CIV",2010,441,22488065,19.6
"Cote d'Ivoire","CIV",2011,628,22982000,27.3
"Cote d'Ivoire","CIV",2012,137,23467078,5.8
"Cote d'Ivoire","CIV",2013,48,23939775,2
"Cote d'Ivoire","CIV",2014,50,24527395,2
"Cote d'Ivoire","CIV",2015,65,25246342,2.6
"Cote d'Ivoire","CIV",2016,45,25989405,1.7
"Cote d'Ivoire","CIV",2017,163,26733372,6.1
"Cote d'Ivoire","CIV",2018,453,27464173,16.5
"Cote d'Ivoire","CIV",2019,372,28193009,13.2
"Cote d'Ivoire","CIV",2020,600,28915449,20.8
"Cote d'Ivoire","CIV",2021,1837,29639736,62
"Cote d'Ivoire","CIV",2022,1596,30395002,52.5
"Cote d'Ivoire","CIV",2023,1361,31165654,43.7
"Democratic Republic of the Congo","COD",1980,32596,26711099,1220.3
"Democratic Republic of the Congo","COD",1981,38142,27500515,1387
"Democratic Republic of the Congo","COD",1982,30775,28338190,1086
"Democratic Republic of the Congo","COD",1983,21057,29250963,719.9
"Democratic Republic of the Congo","COD",1984,11385,30245081,376.4
"Democratic Republic of the Congo","COD",1985,19508,31264816,624
"Democratic Republic of the Congo","COD",1986,19430,32265196,602.2
"Democratic Republic of the Congo","COD",1987,14866,33298904,446.4
"Democratic Republic of the Congo","COD",1988,13214,34382752,384.3
"Democratic Republic of the Congo","COD",1989,11178,35486866,315
"Democratic Republic of the Congo","COD",1990,4564,36684063,124.4
"Democratic Republic of the Congo","COD",1992,63,39228910,1.6
"Democratic Republic of the Congo","COD",1993,2749,40656336,67.6
"Democratic Republic of the Congo","COD",1994,12573,42626876,295
"Democratic Republic of the Congo","COD",1995,5443,44433704,122.5
"Democratic Republic of the Congo","COD",1996,9546,45296124,210.7
"Democratic Republic of the Congo","COD",1997,5766,46029902,125.3
"Democratic Republic of the Congo","COD",1998,15271,47297600,322.9
"Democratic Republic of the Congo","COD",1999,12135,48912971,248.1
"Democratic Republic of the Congo","COD",2000,8282,50507442,164
"Democratic Republic of the Congo","COD",2001,8072,52132646,154.8
"Democratic Republic of the Congo","COD",2002,30466,53750524,566.8
"Democratic Republic of the Congo","COD",2003,21956,55343867,396.7
"Democratic Republic of the Congo","COD",2004,44934,56997741,788.3
"Democratic Republic of the Congo","COD",2005,182485,58775724,3104.8
"Democratic Republic of the Congo","COD",2006,80123,60615908,1321.8
"Democratic Republic of the Congo","COD",2007,55577,62477752,889.5
"Democratic Republic of the Congo","COD",2008,12461,64390664,193.5
"Democratic Republic of the Congo","COD",2009,57,66412044,0.9
"Democratic Republic of the Congo","COD",2010,5407,68563038,78.9
"Democratic Republic of the Congo","COD",2011,133802,70849311,1888.5
"Democratic Republic of the Congo","COD",2012,72029,73254618,983.3
"Democratic Republic of the Congo","COD",2013,88381,75789395,1166.1
"Democratic Republic of the Congo","COD",2014,33711,78403242,430
"Democratic Republic of the Congo","COD",2015,5020,81035531,61.9
"Democratic Republic of the Congo","COD",2016,5092,83956415,60.7
"Democratic Republic of the Congo","COD",2017,45107,87083398,518
"Democratic Republic of the Congo","COD",2018,69693,90047644,774
"Democratic Republic of the Congo","COD",2019,333017,92947442,3582.9
"Democratic Republic of the Congo","COD",2020,82290,95989998,857.3
"Democratic Republic of the Congo","COD",2021,54471,99148932,549.4
"Democratic Republic of the Congo","COD",2022,4380,102396968,42.8
"Democratic Republic of the Congo","COD",2023,311500,105789731,2944.5
"Equatorial Guinea","GNQ",1984,198,364899,542.6
"Equatorial Guinea","GNQ",1985,464,385547,1203.5
"Equatorial Guinea","GNQ",1986,788,404728,1947
"Equatorial Guinea","GNQ",1987,11865,422522,28081.4
"Equatorial Guinea","GNQ",1988,14875,439651,33833.7
"Equatorial Guinea","GNQ",1989,582,456808,1274.1
"Equatorial Guinea","GNQ",1990,32,474274,67.5
"Equatorial Guinea","GNQ",1991,32,492217,65
"Equatorial Guinea","GNQ",1992,297,510770,581.5
"Equatorial Guinea","GNQ",1993,157,530023,296.2
"Equatorial Guinea","GNQ",1994,270,550138,490.8
"Equatorial Guinea","GNQ",1995,44,571264,77
"Equatorial Guinea","GNQ",1996,1,593492,1.7
"Equatorial Guinea","GNQ",1997,0,616893,0
"Equatorial Guinea","GNQ",2001,1339,749836,1785.7
"Equatorial Guinea","GNQ",2002,24,797957,30.1
"Equatorial Guinea","GNQ",2003,18,847862,21.2
"Equatorial Guinea","GNQ",2004,38,899917,42.2
"Equatorial Guinea","GNQ",2006,0,990343,0
"Equatorial Guinea","GNQ",2007,5,1036044,4.8
"Equatorial Guinea","GNQ",2008,436,1084530,402
"Equatorial Guinea","GNQ",2009,78,1135673,68.7
"Equatorial Guinea","GNQ",2010,0,1189085,0
"Equatorial Guinea","GNQ",2011,0,1241835,0
"Equatorial Guinea","GNQ",2012,1190,1293483,920
"Equatorial Guinea","GNQ",2013,321,1346218,238.4
"Equatorial Guinea","GNQ",2014,13,1399828,9.3
"Equatorial Guinea","GNQ",2015,1250,1453923,859.7
"Equatorial Guinea","GNQ",2016,1699,1508186,1126.5
"Equatorial Guinea","GNQ",2017,1,1562396,0.6
"Equatorial Guinea","GNQ",2018,0,1616422,0
"Equatorial Guinea","GNQ",2019,0,1670177,0
"Equatorial Guinea","GNQ",2020,53,1716468,30.9
"Equatorial Guinea","GNQ",2021,43,1758786,24.4
"Equatorial Guinea","GNQ",2022,49,1803545,27.2
"Equatorial Guinea","GNQ",2023,270,1847549,146.1
"Eritrea","ERI",1993,267,1856006,143.9
"Eritrea","ERI",1994,541,1913915,282.7
"Eritrea","ERI",1995,185,2025267,91.3
"Eritrea","ERI",1996,1783,2128464,837.7
"Eritrea","ERI",1997,777,2152135,361
"Eritrea","ERI",1998,316,2180419,144.9
"Eritrea","ERI",1999,320,2212780,144.6
"Eritrea","ERI",2000,789,2247031,351.1
"Eritrea","ERI",2001,204,2312079,88.2
"Eritrea","ERI",2002,460,2392978,192.2
"Eritrea","ERI",2003,376,2493903,150.8
"Eritrea","ERI",2004,24,2598284,9.2
"Eritrea","ERI",2005,19,2661215,7.1
"Eritrea","ERI",2006,128,2703502,47.3
"Eritrea","ERI",2007,55,2743222,20
"Eritrea","ERI",2008,0,2816327,0
"Eritrea","ERI",2009,82,2887885,28.4
"Eritrea","ERI",2010,51,2945186,17.3
"Eritrea","ERI",2011,48,2998485,16
"Eritrea","ERI",2012,194,3036988,63.9
"Eritrea","ERI",2013,45,3074360,14.6
"Eritrea","ERI",2014,127,3095173,41
"Eritrea","ERI",2015,198,3105546,63.8
"Eritrea","ERI",2016,142,3124698,45.4
"Eritrea","ERI",2017,1199,3150347,380.6
"Eritrea","ERI",2018,70,3192760,21.9
"Eritrea","ERI",2019,6,3240194,1.9
"Eritrea","ERI",2020,12,3291271,3.6
"Eritrea","ERI",2021,25,3350183,7.5
"Eritrea","ERI",2022,28,3409447,8.2
"Eritrea","ERI",2023,54,3470390,15.6
"Eswatini","SWZ",1981,2592,616808,4202.3
"Eswatini","SWZ",1982,9185,637652,14404.4
"Eswatini","SWZ",1983,3267,658957,4957.8
"Eswatini","SWZ",1984,4794,680783,7041.9
"Eswatini","SWZ",1985,3253,706196,4606.4
"Eswatini","SWZ",1986,2253,734732,3066.4
"Eswatini","SWZ",1987,4261,763811,5578.6
"Eswatini","SWZ",1988,1581,799798,1976.7
"Eswatini","SWZ",1989,1461,837800,1743.9
"Eswatini","SWZ",1990,1465,872428,1679.2
"Eswatini","SWZ",1991,1467,908189,1615.3
"Eswatini","SWZ",1992,2042,943416,2164.5
"Eswatini","SWZ",1993,7148,971318,7359.1
"Eswatini","SWZ",1994,610,971212,628.1
"Eswatini","SWZ",1995,171,970433,176.2
"Eswatini","SWZ",1996,2201,989841,2223.6
"Eswatini","SWZ",1997,609,1006635,605
"Eswatini","SWZ",1998,180,1019653,176.5
"Eswatini","SWZ",1999,0,1030782,0
"Eswatini","SWZ",2000,10,1041414,9.6
"Eswatini","SWZ",2001,49,1051064,46.6
"Eswatini","SWZ",2002,37,1059441,34.9
"Eswatini","SWZ",2003,350,1066700,328.1
"Eswatini","SWZ",2004,0,1073159,0
"Eswatini","SWZ",2005,0,1079022,0
"Eswatini","SWZ",2006,0,1084436,0
"Eswatini","SWZ",2007,0,1090705,0
"Eswatini","SWZ",2008,1,1098091,0.9
"Eswatini","SWZ",2009,26,1105153,23.5
"Eswatini","SWZ",2010,313,1111650,281.6
"Eswatini","SWZ",2011,0,1117833,0
"Eswatini","SWZ",2012,0,1123863,0
"Eswatini","SWZ",2013,0,1129990,0
"Eswatini","SWZ",2014,0,1136299,0
"Eswatini","SWZ",2015,0,1142813,0
"Eswatini","SWZ",2016,1,1149507,0.9
"Eswatini","SWZ",2017,0,1158195,0
"Eswatini","SWZ",2018,0,1168929,0
"Eswatini","SWZ",2019,0,1179874,0
"Eswatini","SWZ",2020,0,1192729,0
"Eswatini","SWZ",2021,0,1206593,0
"Eswatini","SWZ",2022,64,1218917,52.5
"Eswatini","SWZ",2023,3,1230506,2.4
"Ethiopia","ETH",1980,10690,34428514,310.5
"Ethiopia","ETH",1981,9784,35304012,277.1
"Ethiopia","ETH",1982,10527,36701290,286.8
"Ethiopia","ETH",1983,5866,37740817,155.4
"Ethiopia","ETH",1984,9843,38735722,254.1
"Ethiopia","ETH",1985,66544,39842136,1670.2
"Ethiopia","ETH",1986,3760,41037656,91.6
"Ethiopia","ETH",1987,4832,42460039,113.8
"Ethiopia","ETH",1988,7575,44150825,171.6
"Ethiopia","ETH",1989,4169,45879690,90.9
"Ethiopia","ETH",1990,1836,47609755,38.6
"Ethiopia","ETH",1991,497,49717198,10
"Ethiopia","ETH",1992,4815,51853747,92.9
"Ethiopia","ETH",1993,1152,53708891,21.4
"Ethiopia","ETH",1994,1133,55611508,20.4
"Ethiopia","ETH",1995,562,57537335,9.8
"Ethiopia","ETH",1996,1586,59467635,26.7
"Ethiopia","ETH",1997,1113,61404539,18.1
"Ethiopia","ETH",1998,1603,63363524,25.3
"Ethiopia","ETH",1999,5329,65374561,81.5
"Ethiopia","ETH",2000,1660,67411494,24.6
"Ethiopia","ETH",2001,2366,69487762,34
"Ethiopia","ETH",2002,3332,71635517,46.5
"Ethiopia","ETH",2003,228,73832663,3.1
"Ethiopia","ETH",2004,73,76077206,1
"Ethiopia","ETH",2005,357,78367470,4.6
"Ethiopia","ETH",2006,1451,80703490,18
"Ethiopia","ETH",2007,1446,83103217,17.4
"Ethiopia","ETH",2008,3511,85543668,41
"Ethiopia","ETH",2009,1176,88007636,13.4
"Ethiopia","ETH",2010,4235,90538514,46.8
"Ethiopia","ETH",2011,3255,93149970,34.9
"Ethiopia","ETH",2012,4347,95798767,45.4
"Ethiopia","ETH",2013,5253,98438751,53.4
"Ethiopia","ETH",2014,12739,101115610,126
"Ethiopia","ETH",2015,17745,103867135,170.8
"Ethiopia","ETH",2016,4579,106718162,42.9
"Ethiopia","ETH",2017,1921,109666481,17.5
"Ethiopia","ETH",2018,1752,112664152,15.6
"Ethiopia","ETH",2019,3998,115737383,34.5
"Ethiopia","ETH",2020,1952,118917671,16.4
"Ethiopia","ETH",2021,1953,122138588,16
"Ethiopia","ETH",2022,9292,125384287,74.1
"Ethiopia","ETH",2023,24038,128691692,186.8
"Gabon","GAB",1980,1641,748389,2192.7
"Gabon","GAB",1981,2306,768385,3001.1
"Gabon","GAB",1982,1747,789286,2213.4
"Gabon","GAB",1983,4324,811005,5331.7
"Gabon","GAB",1984,7234,833501,8679.1
"Gabon","GAB",1985,5222,856726,6095.3
"Gabon","GAB",1986,6826,880705,7750.6
"Gabon","GAB",1987,2074,905479,2290.5
"Gabon","GAB",1988,655,931020,703.5
"Gabon","GAB",1989,1780,957138,1859.7
"Gabon","GAB",1990,738,983734,750.2
"Gabon","GAB",1992,1245,1038380,1199
"Gabon","GAB",1993,958,1066405,898.3
"Gabon","GAB",1996,70,1152015,60.8
"Gabon","GAB",2000,15,1275572,11.8
"Gabon","GAB",2001,5129,1309589,3916.5
"Gabon","GAB",2002,110,1345135,81.8
"Gabon","GAB",2004,63,1421609,44.3
"Gabon","GAB",2005,0,1463495,0
"Gabon","GAB",2006,90,1508337,59.7
"Gabon","GAB",2007,0,1556237,0
"Gabon","GAB",2008,3,1607175,1.9
"Gabon","GAB",2009,0,1661556,0
"Gabon","GAB",2010,1,1719879,0.6
"Gabon","GAB",2011,2,1781985,1.1
"Gabon","GAB",2012,2,1846889,1.1
"Gabon","GAB",2013,122,1913059,63.8
"Gabon","GAB",2014,33,1978399,16.7
"Gabon","GAB",2015,27,2040989,13.2
"Gabon","GAB",2016,1509,2100306,718.5
"Gabon","GAB",2017,1075,2156900,498.4
"Gabon","GAB",2018,1,2212318,0.5
"Gabon","GAB",2019,2,2267706,0.9
"Gabon","GAB",2020,9,2322539,3.9
"Gabon","GAB",2021,134,2376722,56.4
"Gabon","GAB",2022,1293,2430747,531.9
"Gabon","GAB",2023,1167,2484789,469.7
"Gambia","GMB",1980,284,713913,397.8
"Gambia","GMB",1981,262,739125,354.5
"Gambia","GMB",1982,1566,765753,2045
"Gambia","GMB",1983,1372,794525,1726.8
"Gambia","GMB",1985,1628,858874,1895.5
"Gambia","GMB",1986,3997,894019,4470.8
"Gambia","GMB",1991,164,1099959,149.1
"Gambia","GMB",1992,364,1145582,317.7
"Gambia","GMB",1993,912,1188365,767.4
"Gambia","GMB",1994,280,1227226,228.2
"Gambia","GMB",1995,130,1264313,102.8
"Gambia","GMB",1996,15,1301410,11.5
"Gambia","GMB",1997,1500,1338889,1120.3
"Gambia","GMB",1999,856,1415779,604.6
"Gambia","GMB",2000,336,1455084,230.9
"Gambia","GMB",2001,99,1495011,66.2
"Gambia","GMB",2002,32,1535691,20.8
"Gambia","GMB",2003,119,1577611,75.4
"Gambia","GMB",2004,0,1621312,0
"Gambia","GMB",2005,0,1667037,0
"Gambia","GMB",2006,0,1715275,0
"Gambia","GMB",2007,0,1765774,0
"Gambia","GMB",2008,0,1817852,0
"Gambia","GMB",2009,0,1871422,0
"Gambia","GMB",2010,2,1926630,1
"Gambia","GMB",2011,0,1983784,0
"Gambia","GMB",2012,0,2043094,0
"Gambia","GMB",2013,0,2103820,0
"Gambia","GMB",2014,1,2164528,0.5
"Gambia","GMB",2015,71,2224529,31.9
"Gambia","GMB",2016,45,2283769,19.7
"Gambia","GMB",2017,1,2342189,0.4
"Gambia","GMB",2018,4,2399632,1.7
"Gambia","GMB",2019,1,2456844,0.4
"Gambia","GMB",2021,0,2576010,0
"Gambia","GMB",2022,58,2636470,22
"Gambia","GMB",2023,38,2697845,14.1
"Ghana","GHA",1980,82684,11941448,6924.1
"Ghana","GHA",1981,38476,12281712,3132.8
"Ghana","GHA",1982,79636,12643819,6298.4
"Ghana","GHA",1983,36561,13029836,2805.9
"Ghana","GHA",1984,40179,13370590,3005
"Ghana","GHA",1985,64517,13661229,4722.6
"Ghana","GHA",1986,11099,13965217,794.8
"Ghana","GHA",1987,24781,14289108,1734.3
"Ghana","GHA",1988,40456,14636568,2764
"Ghana","GHA",1989,19997,15006813,1332.5
"Ghana","GHA",1990,32246,15394648,2094.6
"Ghana","GHA",1991,17135,15787496,1085.4
"Ghana","GHA",1992,39933,16184855,2467.3
"Ghana","GHA",1993,34641,16589519,2088.1
"Ghana","GHA",1994,34821,16993190,2049.1
"Ghana","GHA",1995,40276,17399017,2314.8
"Ghana","GHA",1996,34273,17810181,1924.3
"Ghana","GHA",1997,37261,18238958,2042.9
"Ghana","GHA",1998,23335,18688036,1248.7
"Ghana","GHA",1999,15987,19149864,834.8
"Ghana","GHA",2000,23068,19637087,1174.7
"Ghana","GHA",2001,13476,20167069,668.2
"Ghana","GHA",2002,12289,20729388,592.8
"Ghana","GHA",2003,1939,21296705,91
"Ghana","GHA",2004,60,21868298,2.7
"Ghana","GHA",2005,435,22449438,19.4
"Ghana","GHA",2006,420,23040702,18.2
"Ghana","GHA",2007,6,23642279,0.3
"Ghana","GHA",2008,82,24249946,3.4
"Ghana","GHA",2009,101,24862664,4.1
"Ghana","GHA",2010,641,25474995,25.2
"Ghana","GHA",2011,120,26095088,4.6
"Ghana","GHA",2012,1613,26734268,60.3
"Ghana","GHA",2013,319,27386193,11.6
"Ghana","GHA",2014,124,28041592,4.4
"Ghana","GHA",2015,23,28696068,0.8
"Ghana","GHA",2016,32,29356742,1.1
"Ghana","GHA",2017,19,30008354,0.6
"Ghana","GHA",2018,34,30637585,1.1
"Ghana","GHA",2019,1274,31258945,40.8
"Ghana","GHA",2020,88,31887809,2.8
"Ghana","GHA",2021,52,32518665,1.6
"Ghana","GHA",2022,395,33149152,11.9
"Ghana","GHA",2023,2282,33787914,67.5
"Guinea","GIN",1980,8552,5047419,1694.3
"Guinea","GIN",1981,11397,5143288,2215.9
"Guinea","GIN",1982,15038,5247672,2865.7
"Guinea","GIN",1983,8856,5359814,1652.3
"Guinea","GIN",1984,4396,5480096,802.2
"Guinea","GIN",1985,2969,5610373,529.2
"Guinea","GIN",1986,2592,5750668,450.7
"Guinea","GIN",1987,7357,5900198,1246.9
"Guinea","GIN",1988,3353,6056574,553.6
"Guinea","GIN",1989,4152,6215811,668
"Guinea","GIN",1990,12756,6434374,1982.5
"Guinea","GIN",1991,6708,6697166,1001.6
"Guinea","GIN",1992,1617,6914366,233.9
"Guinea","GIN",1993,5228,7128177,733.4
"Guinea","GIN",1994,2372,7345107,322.9
"Guinea","GIN",1995,1085,7553249,143.6
"Guinea","GIN",1996,10292,7770035,1324.6
"Guinea","GIN",1997,10170,7931370,1282.3
"Guinea","GIN",1998,9170,8081990,1134.6
"Guinea","GIN",1999,18004,8265123,2178.3
"Guinea","GIN",2000,11294,8428832,1339.9
"Guinea","GIN",2001,7408,8539960,867.5
"Guinea","GIN",2002,2151,8674066,248
"Guinea","GIN",2003,2497,8870781,281.5
"Guinea","GIN",2004,10,9062726,1.1
"Guinea","GIN",2005,99,9245844,10.7
"Guinea","GIN",2006,4,9441171,0.4
"Guinea","GIN",2007,3,9662281,0.3
"Guinea","GIN",2008,89,9898870,9
"Guinea","GIN",2009,264,10143534,26
"Guinea","GIN",2010,45,10396086,4.3
"Guinea","GIN",2011,11,10656810,1
"Guinea","GIN",2012,6,10921581,0.5
"Guinea","GIN",2013,53,11191873,4.7
"Guinea","GIN",2014,175,11472924,15.3
"Guinea","GIN",2015,243,11767070,20.7
"Guinea","GIN",2016,316,12073030,26.2
"Guinea","GIN",2017,2036,12385659,164.4
"Guinea","GIN",2018,482,12704774,37.9
"Guinea","GIN",2019,4555,13034346,349.5
"Guinea","GIN",2020,506,13371183,37.8
"Guinea","GIN",2021,505,13710513,36.8
"Guinea","GIN",2022,417,14055137,29.7
"Guinea","GIN",2023,94,14405468,6.5
"Guinea-Bissau","GNB",1980,1332,829303,1606.2
"Guinea-Bissau","GNB",1981,2096,842432,2488
"Guinea-Bissau","GNB",1982,1613,855891,1884.6
"Guinea-Bissau","GNB",1983,3218,869592,3700.6
"Guinea-Bissau","GNB",1984,355,883519,401.8
"Guinea-Bissau","GNB",1985,1328,897697,1479.3
"Guinea-Bissau","GNB",1986,2241,912126,2456.9
"Guinea-Bissau","GNB",1987,174,926862,187.7
"Guinea-Bissau","GNB",1988,1103,942061,1170.8
"Guinea-Bissau","GNB",1989,106,957789,110.7
"Guinea-Bissau","GNB",1990,259,973669,266
"Guinea-Bissau","GNB",1991,2396,994639,2408.9
"Guinea-Bissau","GNB",1992,842,1024356,822
"Guinea-Bissau","GNB",1993,1707,1058745,1612.3
"Guinea-Bissau","GNB",1994,378,1092031,346.1
"Guinea-Bissau","GNB",1995,528,1119949,471.5
"Guinea-Bissau","GNB",1996,73,1143535,63.8
"Guinea-Bissau","GNB",1997,498,1165545,427.3
"Guinea-Bissau","GNB",1999,472,1210206,390
"Guinea-Bissau","GNB",2001,126,1261273,99.9
"Guinea-Bissau","GNB",2002,298,1289307,231.1
"Guinea-Bissau","GNB",2003,1158,1318806,878.1
"Guinea-Bissau","GNB",2004,3526,1349563,2612.7
"Guinea-Bissau","GNB",2005,0,1381585,0
"Guinea-Bissau","GNB",2006,0,1415303,0
"Guinea-Bissau","GNB",2007,1,1450986,0.7
"Guinea-Bissau","GNB",2008,12,1488054,8.1
"Guinea-Bissau","GNB",2009,0,1526377,0
"Guinea-Bissau","GNB",2010,26,1566347,16.6
"Guinea-Bissau","GNB",2011,0,1608076,0
"Guinea-Bissau","GNB",2012,0,1651417,0
"Guinea-Bissau","GNB",2013,0,1695973,0
"Guinea-Bissau","GNB",2014,1,1741122,0.6
"Guinea-Bissau","GNB",2015,153,1786457,85.6
"Guinea-Bissau","GNB",2016,0,1831893,0
"Guinea-Bissau","GNB",2017,11,1877072,5.9
"Guinea-Bissau","GNB",2018,28,1922168,14.6
"Guinea-Bissau","GNB",2019,60,1967696,30.5
"Guinea-Bissau","GNB",2020,22,2013255,10.9
"Guinea-Bissau","GNB",2022,213,2105529,101.2
"Guinea-Bissau","GNB",2023,5,2153339,2.3
"Kenya","KEN",1980,28473,16018459,1777.5
"Kenya","KEN",1981,257839,16601507,15531.1
"Kenya","KEN",1982,270767,17206175,15736.6
"Kenya","KEN",1983,285681,17846374,16007.8
"Kenya","KEN",1984,200143,18514906,10809.8
"Kenya","KEN",1985,111492,19201768,5806.3
"Kenya","KEN",1986,26199,19901646,1316.4
"Kenya","KEN",1987,49858,20616096,2418.4
"Kenya","KEN",1988,70200,21356219,3287.1
"Kenya","KEN",1989,86727,22118434,3921
"Kenya","KEN",1990,77072,22892651,3366.7
"Kenya","KEN",1991,59937,23646514,2534.7
"Kenya","KEN",1992,65004,24382460,2666
"Kenya","KEN",1993,961,25117188,38.3
"Kenya","KEN",1994,4180,25857130,161.7
"Kenya","KEN",1995,3322,26601751,124.9
"Kenya","KEN",1996,3572,27344211,130.6
"Kenya","KEN",1997,3339,28101768,118.8
"Kenya","KEN",1998,9262,28888057,320.6
"Kenya","KEN",1999,8601,29733408,289.3
"Kenya","KEN",2000,21002,30642890,685.4
"Kenya","KEN",2001,11304,31619170,357.5
"Kenya","KEN",2002,766,32629808,23.5
"Kenya","KEN",2003,65,33652223,1.9
"Kenya","KEN",2004,20,34713455,0.6
"Kenya","KEN",2005,153,35796484,4.3
"Kenya","KEN",2006,1847,36904008,50
"Kenya","KEN",2007,1516,38036349,39.9
"Kenya","KEN",2008,1282,39206351,32.7
"Kenya","KEN",2009,1218,40408891,30.1
"Kenya","KEN",2010,95,41598567,2.3
"Kenya","KEN",2011,2395,42758461,56
"Kenya","KEN",2013,190,44986791,4.2
"Kenya","KEN",2014,354,46051440,7.7
"Kenya","KEN",2015,95,47088526,2
"Kenya","KEN",2016,128,48139687,2.7
"Kenya","KEN",2017,63,49197766,1.3
"Kenya","KEN",2018,822,50207107,16.4
"Kenya","KEN",2019,439,51202827,8.6
"Kenya","KEN",2020,597,52217334,11.4
"Kenya","KEN",2021,266,53219166,5
"Kenya","KEN",2022,1774,54252461,32.7
"Kenya","KEN",2023,896,55339003,16.2
"Lesotho","LSO",1980,7935,1406521,5641.6
"Lesotho","LSO",1981,7624,1448069,5264.9
"Lesotho","LSO",1982,6941,1490732,4656.1
"Lesotho","LSO",1983,5239,1534413,3414.3
"Lesotho","LSO",1984,5821,1578986,3686.5
"Lesotho","LSO",1985,7362,1624379,4532.2
"Lesotho","LSO",1986,4376,1666138,2626.4
"Lesotho","LSO",1987,2448,1703390,1437.1
"Lesotho","LSO",1988,1797,1739841,1032.9
"Lesotho","LSO",1989,1378,1775436,776.1
"Lesotho","LSO",1990,2195,1809696,1212.9
"Lesotho","LSO",1991,2351,1842379,1276.1
"Lesotho","LSO",1992,1816,1873274,969.4
"Lesotho","LSO",1993,235,1901793,123.6
"Lesotho","LSO",1994,573,1927707,297.2
"Lesotho","LSO",1995,304,1951437,155.8
"Lesotho","LSO",1997,0,1988130,0
"Lesotho","LSO",1999,944,2003234,471.2
"Lesotho","LSO",2000,660,2003913,329.4
"Lesotho","LSO",2001,217,2000853,108.5
"Lesotho","LSO",2002,0,1994679,0
"Lesotho","LSO",2003,1,1985059,0.5
"Lesotho","LSO",2004,31,1971129,15.7
"Lesotho","LSO",2006,1,1945063,0.5
"Lesotho","LSO",2007,2,1953268,1
"Lesotho","LSO",2008,0,1966541,0
"Lesotho","LSO",2009,0,1980883,0
"Lesotho","LSO",2010,2488,1996251,1246.3
"Lesotho","LSO",2011,172,2014009,85.4
"Lesotho","LSO",2012,179,2034354,88
"Lesotho","LSO",2013,516,2056504,250.9
"Lesotho","LSO",2014,0,2080089,0
"Lesotho","LSO",2015,0,2104611,0
"Lesotho","LSO",2016,0,2130422,0
"Lesotho","LSO",2017,0,2157110,0
"Lesotho","LSO",2018,7,2183603,3.2
"Lesotho","LSO",2019,464,2209405,210
"Lesotho","LSO",2020,39,2235727,17.4
"Lesotho","LSO",2021,368,2261542,162.7
"Lesotho","LSO",2022,3,2286110,1.3
"Lesotho","LSO",2023,17,2311472,7.4
"Liberia","LBR",1980,6567,1929253,3403.9
"Liberia","LBR",1981,7810,1986867,3930.8
"Liberia","LBR",1982,6873,2045073,3360.8
"Liberia","LBR",1983,4835,2107113,2294.6
"Liberia","LBR",1984,6151,2173312,2830.2
"Liberia","LBR",1985,2686,2240539,1198.8
"Liberia","LBR",1986,836,2308511,362.1
"Liberia","LBR",1987,2178,2377229,916.2
"Liberia","LBR",1988,2556,2446941,1044.6
"Liberia","LBR",1989,1866,2517858,741.1
"Liberia","LBR",1992,5776,2072461,2787
"Liberia","LBR",1993,6398,2155126,2968.7
"Liberia","LBR",1994,571,2149928,265.6
"Liberia","LBR",1995,56,2169162,25.8
"Liberia","LBR",1996,1938,2232289,868.2
"Liberia","LBR",1997,2961,2412989,1227.1
"Liberia","LBR",1998,1436,2670124,537.8
"Liberia","LBR",1999,1679,2821684,595
"Liberia","LBR",2000,5977,2928117,2041.2
"Liberia","LBR",2001,1379,3015338,457.3
"Liberia","LBR",2002,131,3094782,42.3
"Liberia","LBR",2003,142,3119532,45.5
"Liberia","LBR",2004,4,3156892,1.3
"Liberia","LBR",2005,8,3301015,2.4
"Liberia","LBR",2006,20,3490787,5.7
"Liberia","LBR",2007,1,3669050,0.3
"Liberia","LBR",2008,1,3821003,0.3
"Liberia","LBR",2009,6,3943028,1.5
"Liberia","LBR",2010,2200,4058890,542
"Liberia","LBR",2011,279,4221178,66.1
"Liberia","LBR",2012,43,4373043,9.8
"Liberia","LBR",2013,0,4470239,0
"Liberia","LBR",2014,34,4564293,7.4
"Liberia","LBR",2015,1060,4659431,227.5
"Liberia","LBR",2016,789,4755608,165.9
"Liberia","LBR",2017,960,4848925,198
"Liberia","LBR",2018,3781,4944726,764.7
"Liberia","LBR",2019,1203,5043721,238.5
"Liberia","LBR",2020,884,5149463,171.7
"Liberia","LBR",2021,250,5259323,47.5
"Liberia","LBR",2022,8300,5373294,1544.7
"Liberia","LBR",2023,4604,5493031,838.2
"Madagascar","MDG",1980,119679,9006032,13288.8
"Madagascar","MDG",1981,140653,9279011,15158.2
"Madagascar","MDG",1982,84494,9557671,8840.4
"Madagascar","MDG",1983,101925,9843044,10355
"Madagascar","MDG",1984,66894,10134550,6600.6
"Madagascar","MDG",1985,69884,10433142,6698.3
"Madagascar","MDG",1986,21546,10736857,2006.7
"Madagascar","MDG",1987,10841,11047291,981.3
"Madagascar","MDG",1988,17069,11369462,1501.3
"Madagascar","MDG",1989,29654,11704998,2533.4
"Madagascar","MDG",1990,14459,12055639,1199.4
"Madagascar","MDG",1991,5824,12421412,468.9
"Madagascar","MDG",1992,1846,12800870,144.2
"Madagascar","MDG",1993,6060,13197345,459.2
"Madagascar","MDG",1994,14164,13613850,1040.4
"Madagascar","MDG",1995,11731,14051275,834.9
"Madagascar","MDG",1996,5961,14510711,410.8
"Madagascar","MDG",1997,13865,14990814,924.9
"Madagascar","MDG",1998,15510,15489364,1001.3
"Madagascar","MDG",1999,35196,16000506,2199.7
"Madagascar","MDG",2000,35256,16516338,2134.6
"Madagascar","MDG",2001,9357,17032939,549.3
"Madagascar","MDG",2002,10795,17549913,615.1
"Madagascar","MDG",2003,62233,18071854,3443.6
"Madagascar","MDG",2004,35558,18606608,1911
"Madagascar","MDG",2006,2,19730909,0.1
"Madagascar","MDG",2007,0,20318583,0
"Madagascar","MDG",2008,3,20923840,0.1
"Madagascar","MDG",2009,0,21547280,0
"Madagascar","MDG",2010,1,22183340,0
"Madagascar","MDG",2011,0,22822300,0
"Madagascar","MDG",2012,2,23462438,0.1
"Madagascar","MDG",2013,6,24109290,0.2
"Madagascar","MDG",2014,3,24764348,0.1
"Madagascar","MDG",2015,3,25426702,0.1
"Madagascar","MDG",2016,5,26099952,0.2
"Madagascar","MDG",2017,11,26788375,0.4
"Madagascar","MDG",2018,21420,27494926,779.1
"Madagascar","MDG",2019,213231,28219554,7556.1
"Madagascar","MDG",2020,777,28953556,26.8
"Madagascar","MDG",2021,44,29691083,1.5
"Madagascar","MDG",2022,80,30437261,2.6
"Madagascar","MDG",2023,355,31195932,11.4
"Malawi","MWI",1980,162686,6265529,25965.2
"Malawi","MWI",1981,84610,6516454,12984.1
"Malawi","MWI",1982,104921,6778879,15477.6
"Malawi","MWI",1983,150248,7051709,21306.6
"Malawi","MWI",1984,80766,7332810,11014.3
"Malawi","MWI",1985,126581,7620508,16610.6
"Malawi","MWI",1986,105682,7906480,13366.5
"Malawi","MWI",1987,114061,8293174,13753.6
"Malawi","MWI",1988,81100,8753262,9265.1
"Malawi","MWI",1989,93100,9176220,10145.8
"Malawi","MWI",1991,5730,9844227,582.1
"Malawi","MWI",1992,32177,10135079,3174.8
"Malawi","MWI",1993,3614,10284024,351.4
"Malawi","MWI",1994,2164,10164894,212.9
"Malawi","MWI",1995,4218,10150117,415.6
"Malawi","MWI",1996,9120,10352228,881
"Malawi","MWI",1997,10845,10562035,1026.8
"Malawi","MWI",1998,3591,10792876,332.7
"Malawi","MWI",1999,152,11047804,13.8
"Malawi","MWI",2000,304,11315942,26.9
"Malawi","MWI",2001,150,11593058,12.9
"Malawi","MWI",2002,92,11880440,7.7
"Malawi","MWI",2003,167,12181574,13.7
"Malawi","MWI",2004,1116,12500737,89.3
"Malawi","MWI",2005,184,12840031,14.3
"Malawi","MWI",2006,1,13198701,0.1
"Malawi","MWI",2007,143,13576343,10.5
"Malawi","MWI",2008,20,13976417,1.4
"Malawi","MWI",2009,21,14395788,1.5
"Malawi","MWI",2010,118712,14826463,8006.8
"Malawi","MWI",2011,26,15265022,1.7
"Malawi","MWI",2012,11,15709577,0.7
"Malawi","MWI",2013,1,16161816,0.1
"Malawi","MWI",2014,3,16621538,0.2
"Malawi","MWI",2015,0,17085587,0
"Malawi","MWI",2016,0,17557739,0
"Malawi","MWI",2017,4,18039715,0.2
"Malawi","MWI",2018,1,18528081,0.1
"Malawi","MWI",2019,17,19025752,0.9
"Malawi","MWI",2020,76,19533888,3.9
"Malawi","MWI",2021,5,20047258,0.2
"Malawi","MWI",2022,29,20568728,1.4
"Malawi","MWI",2023,173,21104482,8.2
"Mali","MLI",1980,10007,7530515,1328.9
"Mali","MLI",1981,8413,7692766,1093.6
"Mali","MLI",1982,16432,7860194,2090.5
"Mali","MLI",1983,8759,8034400,1090.2
"Mali","MLI",1984,4494,8208599,547.5
"Mali","MLI",1985,29732,8374663,3550.2
"Mali","MLI",1986,4669,8531277,547.3
"Mali","MLI",1987,4352,8681164,501.3
"Mali","MLI",1988,4478,8833996,506.9
"Mali","MLI",1989,3605,8999938,400.6
"Mali","MLI",1990,1388,9178830,151.2
"Mali","MLI",1991,13473,9362888,1439
"Mali","MLI",1992,7830,9553540,819.6
"Mali","MLI",1993,10595,9754786,1086.1
"Mali","MLI",1994,3420,9967031,343.1
"Mali","MLI",1995,3306,10185365,324.6
"Mali","MLI",1996,10995,10407278,1056.5
"Mali","MLI",1997,3531,10646495,331.7
"Mali","MLI",1998,10240,10919573,937.8
"Mali","MLI",1999,2506,11227415,223.2
"Mali","MLI",2000,1578,11559290,136.5
"Mali","MLI",2001,4464,11912158,374.7
"Mali","MLI",2002,717,12288050,58.3
"Mali","MLI",2003,232,12684955,18.3
"Mali","MLI",2004,172,13102409,13.1
"Mali","MLI",2005,33,13538647,2.4
"Mali","MLI",2006,128,13990139,9.1
"Mali","MLI",2007,2,14457775,0.1
"Mali","MLI",2008,98,14940782,6.6
"Mali","MLI",2009,2939,15435539,190.4
"Mali","MLI",2010,1719,15945198,107.8
"Mali","MLI",2011,24,16469049,1.5
"Mali","MLI",2012,341,16957033,20.1
"Mali","MLI",2013,221,17459615,12.7
"Mali","MLI",2014,290,18020267,16.1
"Mali","MLI",2015,215,18593022,11.6
"Mali","MLI",2016,107,19191289,5.6
"Mali","MLI",2017,26,19813011,1.3
"Mali","MLI",2018,499,20442030,24.4
"Mali","MLI",2019,454,21068405,21.5
"Mali","MLI",2020,498,21713836,22.9
"Mali","MLI",2021,2074,22388630,92.6
"Mali","MLI",2022,765,23072640,33.2
"Mali","MLI",2023,364,23769127,15.3
"Mauritania","MRT",1980,11441,1474043,7761.6
"Mauritania","MRT",1981,8658,1516877,5707.8
"Mauritania","MRT",1982,6743,1561176,4319.2
"Mauritania","MRT",1983,15710,1606746,9777.5
"Mauritania","MRT",1984,11203,1653693,6774.5
"Mauritania","MRT",1985,15123,1702107,8884.9
"Mauritania","MRT",1986,5318,1751835,3035.7
"Mauritania","MRT",1987,2323,1803014,1288.4
"Mauritania","MRT",1988,434,1855859,233.9
"Mauritania","MRT",1989,5032,1903048,2644.2
"Mauritania","MRT",1990,1379,1951878,706.5
"Mauritania","MRT",1991,4601,2009738,2289.4
"Mauritania","MRT",1992,4990,2088135,2389.7
"Mauritania","MRT",1993,5754,2174328,2646.3
"Mauritania","MRT",1994,2668,2249454,1186.1
"Mauritania","MRT",1995,195,2312017,84.3
"Mauritania","MRT",1997,499,2411306,206.9
"Mauritania","MRT",1998,1303,2474651,526.5
"Mauritania","MRT",1999,5263,2541698,2070.7
"Mauritania","MRT",2001,1398,2678760,521.9
"Mauritania","MRT",2002,883,2738655,322.4
"Mauritania","MRT",2003,3611,2802046,1288.7
"Mauritania","MRT",2004,5039,2868664,1756.6
"Mauritania","MRT",2005,127,2939059,43.2
"Mauritania","MRT",2006,22,3013660,7.3
"Mauritania","MRT",2007,11,3093059,3.6
"Mauritania","MRT",2008,4,3183269,1.3
"Mauritania","MRT",2009,322,3284448,98
"Mauritania","MRT",2010,1292,3390965,381
"Mauritania","MRT",2011,234,3502811,66.8
"Mauritania","MRT",2012,35,3619034,9.7
"Mauritania","MRT",2013,62,3734318,16.6
"Mauritania","MRT",2014,14,3848514,3.6
"Mauritania","MRT",2015,1,3965959,0.3
"Mauritania","MRT",2016,13,4086657,3.2
"Mauritania","MRT",2017,63,4210600,15
"Mauritania","MRT",2018,77,4337685,17.8
"Mauritania","MRT",2019,196,4467708,43.9
"Mauritania","MRT",2020,0,4600131,0
"Mauritania","MRT",2021,249,4734874,52.6
"Mauritania","MRT",2022,96,4875637,19.7
"Mauritania","MRT",2023,339,5022441,67.5
"Mauritius","MUS",1980,35,966039,36.2
"Mauritius","MUS",1981,0,980462,0
"Mauritius","MUS",1982,4,992521,4
"Mauritius","MUS",1983,0,1001691,0
"Mauritius","MUS",1984,6,1012221,5.9
"Mauritius","MUS",1985,2,1020528,2
"Mauritius","MUS",1986,5,1028360,4.9
"Mauritius","MUS",1987,0,1036082,0
"Mauritius","MUS",1988,2,1043239,1.9
"Mauritius","MUS",1989,0,1051260,0
"Mauritius","MUS",1990,1,1058775,0.9
"Mauritius","MUS",1991,0,1070266,0
"Mauritius","MUS",1992,7,1084441,6.5
"Mauritius","MUS",1993,88,1097374,80.2
"Mauritius","MUS",1994,10,1112846,9
"Mauritius","MUS",1995,6,1122457,5.3
"Mauritius","MUS",1996,0,1133996,0
"Mauritius","MUS",1997,0,1148284,0
"Mauritius","MUS",1999,0,1175267,0
"Mauritius","MUS",2000,0,1186873,0
"Mauritius","MUS",2001,0,1196287,0
"Mauritius","MUS",2003,777,1213370,640.4
"Mauritius","MUS",2004,28,1221003,22.9
"Mauritius","MUS",2005,7,1228254,5.7
"Mauritius","MUS",2006,3,1233996,2.4
"Mauritius","MUS",2007,13,1239630,10.5
"Mauritius","MUS",2008,12,1244121,9.6
"Mauritius","MUS",2009,15,1247429,12
"Mauritius","MUS",2010,12,1250400,9.6
"Mauritius","MUS",2011,2,1252404,1.6
"Mauritius","MUS",2012,0,1255882,0
"Mauritius","MUS",2013,0,1258927,0
"Mauritius","MUS",2014,0,1261208,0
"Mauritius","MUS",2016,0,1263747,0
"Mauritius","MUS",2017,0,1264887,0
"Mauritius","MUS",2019,98,1265985,77.4
"Mauritius","MUS",2021,0,1266334,0
"Mauritius","MUS",2022,0,1262523,0
"Mauritius","MUS",2023,0,1248647,0
"Mozambique","MOZ",1980,30070,11336221,2652.6
"Mozambique","MOZ",1981,16358,11568127,1414.1
"Mozambique","MOZ",1982,11909,11824370,1007.2
"Mozambique","MOZ",1983,11734,12073822,971.9
"Mozambique","MOZ",1984,12508,12315954,1015.6
"Mozambique","MOZ",1985,16507,12548949,1315.4
"Mozambique","MOZ",1986,16109,12770578,1261.4
"Mozambique","MOZ",1987,12749,12822574,994.3
"Mozambique","MOZ",1988,12142,12800558,948.6
"Mozambique","MOZ",1989,22832,12906842,1769
"Mozambique","MOZ",1990,18082,13094537,1380.9
"Mozambique","MOZ",1991,5059,13352090,378.9
"Mozambique","MOZ",1992,3092,13613316,227.1
"Mozambique","MOZ",1993,5799,14051192,412.7
"Mozambique","MOZ",1994,9618,15033853,639.8
"Mozambique","MOZ",1995,4166,15960530,261
"Mozambique","MOZ",1996,9251,16492480,560.9
"Mozambique","MOZ",1997,15324,16949982,904.1
"Mozambique","MOZ",1998,15693,17340464,905
"Mozambique","MOZ",1999,3936,17734506,221.9
"Mozambique","MOZ",2000,7375,18129653,406.8
"Mozambique","MOZ",2001,7085,18537729,382.2
"Mozambique","MOZ",2002,7155,18958338,377.4
"Mozambique","MOZ",2003,28898,19392475,1490.2
"Mozambique","MOZ",2004,9396,19840313,473.6
"Mozambique","MOZ",2005,12598,20304569,620.5
"Mozambique","MOZ",2006,183,20787087,8.8
"Mozambique","MOZ",2007,267,21287635,12.5
"Mozambique","MOZ",2008,4,21819036,0.2
"Mozambique","MOZ",2009,60,22391745,2.7
"Mozambique","MOZ",2010,2321,22999235,100.9
"Mozambique","MOZ",2011,177,23649039,7.5
"Mozambique","MOZ",2012,145,24337846,6
"Mozambique","MOZ",2013,8,25051611,0.3
"Mozambique","MOZ",2014,9,25788475,0.3
"Mozambique","MOZ",2015,79,26547572,3
"Mozambique","MOZ",2017,122,28166393,4.3
"Mozambique","MOZ",2018,16,29018644,0.6
"Mozambique","MOZ",2019,63,29884380,2.1
"Mozambique","MOZ",2020,426,30783688,13.8
"Mozambique","MOZ",2021,619,31707800,19.5
"Mozambique","MOZ",2022,1047,32656246,32.1
"Mozambique","MOZ",2023,656,33635160,19.5
"Namibia","NAM",1987,16874,1167889,14448.3
"Namibia","NAM",1988,4482,1209696,3705.1
"Namibia","NAM",1992,6874,1461322,4704
"Namibia","NAM",1993,1328,1508697,880.2
"Namibia","NAM",1994,133,1556304,85.5
"Namibia","NAM",1995,1723,1602170,1075.4
"Namibia","NAM",1996,4901,1646103,2977.3
"Namibia","NAM",1997,5359,1689264,3172.4
"Namibia","NAM",1998,495,1732745,285.7
"Namibia","NAM",1999,296,1776368,166.6
"Namibia","NAM",2000,469,1818647,257.9
"Namibia","NAM",2001,416,1857048,224
"Namibia","NAM",2002,1278,1889970,676.2
"Namibia","NAM",2003,262,1917464,136.6
"Namibia","NAM",2004,4,1942082,2.1
"Namibia","NAM",2005,4,1966582,2
"Namibia","NAM",2006,3,1991888,1.5
"Namibia","NAM",2007,21,2018600,10.4
"Namibia","NAM",2008,0,2047056,0
"Namibia","NAM",2009,4076,2077394,1962.1
"Namibia","NAM",2010,3138,2109811,1487.3
"Namibia","NAM",2011,79,2146325,36.8
"Namibia","NAM",2012,86,2194654,39.2
"Namibia","NAM",2013,1028,2252508,456.4
"Namibia","NAM",2014,477,2312139,206.3
"Namibia","NAM",2015,212,2374300,89.3
"Namibia","NAM",2016,40,2439213,16.4
"Namibia","NAM",2017,16,2506853,6.4
"Namibia","NAM",2018,9,2577327,3.5
"Namibia","NAM",2019,12,2650494,4.5
"Namibia","NAM",2020,5,2728762,1.8
"Namibia","NAM",2021,4,2810548,1.4
"Namibia","NAM",2022,31,2889662,10.7
"Namibia","NAM",2023,42,2963095,14.2
"Niger","NER",1980,36811,6135971,5999.2
"Niger","NER",1981,36139,6322006,5716.4
"Niger","NER",1982,39815,6512732,6113.4
"Niger","NER",1983,30288,6708644,4514.8
"Niger","NER",1984,42199,6909971,6107
"Niger","NER",1985,64689,7118457,9087.5
"Niger","NER",1986,17626,7335811,2402.7
"Niger","NER",1987,14290,7561150,1889.9
"Niger","NER",1988,16864,7793748,2163.8
"Niger","NER",1989,22932,8034780,2854.1
"Niger","NER",1990,20463,8286059,2469.6
"Niger","NER",1991,90071,8546900,10538.4
"Niger","NER",1992,31341,8817633,3554.4
"Niger","NER",1993,36557,9100789,4016.9
"Niger","NER",1994,48685,9398258,5180.2
"Niger","NER",1995,67986,9714529,6998.4
"Niger","NER",1996,68921,10044852,6861.3
"Niger","NER",1997,32649,10383969,3144.2
"Niger","NER",1998,11404,10741413,1061.7
"Niger","NER",1999,36156,11117411,3252.2
"Niger","NER",2000,21319,11509630,1852.3
"Niger","NER",2001,61208,11920647,5134.6
"Niger","NER",2002,31584,12349144,2557.6
"Niger","NER",2003,54190,12796984,4234.6
"Niger","NER",2004,63057,13265836,4753.3
"Niger","NER",2005,2183,13756192,158.7
"Niger","NER",2006,59,14268581,4.1
"Niger","NER",2007,282,14803610,19
"Niger","NER",2008,1317,15361915,85.7
"Niger","NER",2009,801,15943675,50.2
"Niger","NER",2010,372,16548835,22.5
"Niger","NER",2011,771,17176283,44.9
"Niger","NER",2012,272,17836769,15.2
"Niger","NER",2013,1224,18519898,66.1
"Niger","NER",2014,1142,19215909,59.4
"Niger","NER",2015,7693,19939498,385.8
"Niger","NER",2016,776,20685753,37.5
"Niger","NER",2017,1171,21435446,54.6
"Niger","NER",2018,5034,22188069,226.9
"Niger","NER",2019,10321,22947757,449.8
"Niger","NER",2020,2754,23717613,116.1
"Niger","NER",2021,9271,24502140,378.4
"Niger","NER",2022,12898,25311973,509.6
"Niger","NER",2023,1708,26159867,65.3
"Nigeria","NGA",1980,162106,73764641,2197.6
"Nigeria","NGA",1981,129671,76068103,1704.7
"Nigeria","NGA",1982,139785,78378701,1783.5
"Nigeria","NGA",1983,136778,80438260,1700.4
"Nigeria","NGA",1984,182591,82526443,2212.5
"Nigeria","NGA",1985,161768,84897973,1905.4
"Nigeria","NGA",1986,115743,87235953,1326.8
"Nigeria","NGA",1987,77566,89591716,865.8
"Nigeria","NGA",1988,75908,92020090,824.9
"Nigeria","NGA",1989,33678,94531014,356.3
"Nigeria","NGA",1990,115682,97120925,1191.1
"Nigeria","NGA",1991,44026,99720162,441.5
"Nigeria","NGA",1992,85965,102372770,839.7
"Nigeria","NGA",1993,54734,105122069,520.7
"Nigeria","NGA",1994,106081,107935714,982.8
"Nigeria","NGA",1995,12393,110819428,111.8
"Nigeria","NGA",1996,88675,113754779,779.5
"Nigeria","NGA",1997,21385,116754792,183.2
"Nigeria","NGA",1998,143098,119846254,1194
"Nigeria","NGA",1999,217151,123047320,1764.8
"Nigeria","NGA",2000,212183,126382494,1678.9
"Nigeria","NGA",2001,168107,129862595,1294.5
"Nigeria","NGA",2002,42007,133471989,314.7
"Nigeria","NGA",2003,141258,137202644,1029.6
"Nigeria","NGA",2004,31521,141057045,223.5
"Nigeria","NGA",2005,110927,145017253,764.9
"Nigeria","NGA",2006,704,149077334,4.7
"Nigeria","NGA",2007,2613,153267261,17
"Nigeria","NGA",2008,9960,157595014,63.2
"Nigeria","NGA",2009,1272,162049464,7.8
"Nigeria","NGA",2010,8491,166642886,51
"Nigeria","NGA",2011,18843,171379598,109.9
"Nigeria","NGA",2012,6447,176200625,36.6
"Nigeria","NGA",2013,52852,181049443,291.9
"Nigeria","NGA",2014,6855,185896915,36.9
"Nigeria","NGA",2015,12423,190671878,65.2
"Nigeria","NGA",2016,17136,195443700,87.7
"Nigeria","NGA",2017,11190,200254579,55.9
"Nigeria","NGA",2018,7063,204938755,34.5
"Nigeria","NGA",2019,28094,209485641,134.1
"Nigeria","NGA",2020,8877,213996181,41.5
"Nigeria","NGA",2021,10649,218529286,48.7
"Nigeria","NGA",2022,23983,223150896,107.5
"Nigeria","NGA",2023,20143,227882945,88.4
"Rwanda","RWA",1980,80402,5353259,15019.3
"Rwanda","RWA",1981,79384,5527230,14362.3
"Rwanda","RWA",1982,36792,5711549,6441.7
"Rwanda","RWA",1983,20001,5905311,3387
"Rwanda","RWA",1984,17269,6107627,2827.4
"Rwanda","RWA",1985,16760,6317228,2653.1
"Rwanda","RWA",1986,42749,6531881,6544.7
"Rwanda","RWA",1987,12387,6749493,1835.2
"Rwanda","RWA",1988,4364,6968071,626.3
"Rwanda","RWA",1989,5429,7184706,755.6
"Rwanda","RWA",1990,8970,7375307,1216.2
"Rwanda","RWA",1991,5820,7526966,773.2
"Rwanda","RWA",1992,17429,7683266,2268.4
"Rwanda","RWA",1993,9861,7981132,1235.5
"Rwanda","RWA",1994,5999,6792352,883.2
"Rwanda","RWA",1995,28874,5674118,5088.7
"Rwanda","RWA",1996,3988,6708764,594.4
"Rwanda","RWA",1997,787,7755238,101.5
"Rwanda","RWA",1999,4359,8147912,535
"Rwanda","RWA",2000,2095,8213931,255.1
"Rwanda","RWA",2001,896,8287094,108.1
"Rwanda","RWA",2002,2738,8400180,325.9
"Rwanda","RWA",2003,1064,8586875,123.9
"Rwanda","RWA",2004,386,8816844,43.8
"Rwanda","RWA",2005,129,9054528,14.2
"Rwanda","RWA",2006,494,9299246,53.1
"Rwanda","RWA",2007,26,9549933,2.7
"Rwanda","RWA",2008,6,9804269,0.6
"Rwanda","RWA",2009,5,10060432,0.5
"Rwanda","RWA",2010,121,10317553,11.7
"Rwanda","RWA",2011,31,10573733,2.9
"Rwanda","RWA",2012,75,10829901,6.9
"Rwanda","RWA",2013,17,11093340,1.5
"Rwanda","RWA",2014,10,11364757,0.9
"Rwanda","RWA",2015,1,11640022,0.1
"Rwanda","RWA",2016,95,11919183,8
"Rwanda","RWA",2017,145,12202060,11.9
"Rwanda","RWA",2018,229,12487996,18.3
"Rwanda","RWA",2019,818,12776103,64
"Rwanda","RWA",2020,108,13065837,8.3
"Rwanda","RWA",2021,40,13355260,3
"Rwanda","RWA",2022,29,13651030,2.1
"Rwanda","RWA",2023,108,13954471,7.7
"Sao Tome and Principe","STP",1980,519,98544,5266.7
"Sao Tome and Principe","STP",1981,194,100615,1928.1
"Sao Tome and Principe","STP",1982,3,102508,29.3
"Sao Tome and Principe","STP",1983,216,104380,2069.4
"Sao Tome and Principe","STP",1984,576,106394,5413.8
"Sao Tome and Principe","STP",1985,62,108658,570.6
"Sao Tome and Principe","STP",1986,69,111150,620.8
"Sao Tome and Principe","STP",1987,0,113919,0
"Sao Tome and Principe","STP",1988,118,116939,1009.1
"Sao Tome and Principe","STP",1990,10,122980,81.3
"Sao Tome and Principe","STP",1991,0,125697,0
"Sao Tome and Principe","STP",1992,0,128110,0
"Sao Tome and Principe","STP",1993,88,130467,674.5
"Sao Tome and Principe","STP",1994,319,132732,2403.3
"Sao Tome and Principe","STP",1995,23,134895,170.5
"Sao Tome and Principe","STP",1996,0,136962,0
"Sao Tome and Principe","STP",1997,0,138922,0
"Sao Tome and Principe","STP",2000,0,144018,0
"Sao Tome and Principe","STP",2001,0,146375,0
"Sao Tome and Principe","STP",2002,0,149922,0
"Sao Tome and Principe","STP",2003,0,153814,0
"Sao Tome and Principe","STP",2004,0,157705,0
"Sao Tome and Principe","STP",2005,0,161639,0
"Sao Tome and Principe","STP",2006,0,165638,0
"Sao Tome and Principe","STP",2007,0,169700,0
"Sao Tome and Principe","STP",2008,0,173793,0
"Sao Tome and Principe","STP",2009,0,177853,0
"Sao Tome and Principe","STP",2010,0,181802,0
"Sao Tome and Principe","STP",2011,0,185649,0
"Sao Tome and Principe","STP",2012,0,189439,0
"Sao Tome and Principe","STP",2013,0,193148,0
"Sao Tome and Principe","STP",2014,0,196767,0
"Sao Tome and Principe","STP",2015,3,200291,15
"Sao Tome and Principe","STP",2016,0,203689,0
"Sao Tome and Principe","STP",2017,0,206970,0
"Sao Tome and Principe","STP",2018,0,210187,0
"Sao Tome and Principe","STP",2019,0,213392,0
"Sao Tome and Principe","STP",2021,0,221961,0
"Senegal","SEN",1980,29144,5845638,4985.6
"Senegal","SEN",1981,34516,5997160,5755.4
"Senegal","SEN",1982,32380,6156961,5259.1
"Senegal","SEN",1983,26481,6324504,4187
"Senegal","SEN",1986,6831,6878192,993.1
"Senegal","SEN",1987,3453,7081530,487.6
"Senegal","SEN",1988,1596,7289618,218.9
"Senegal","SEN",1989,10940,7502207,1458.2
"Senegal","SEN",1990,5004,7720523,648.1
"Senegal","SEN",1991,11427,7943085,1438.6
"Senegal","SEN",1992,15367,8168395,1881.3
"Senegal","SEN",1993,14693,8396288,1749.9
"Senegal","SEN",1994,5944,8624078,689.2
"Senegal","SEN",1996,8069,9067014,889.9
"Senegal","SEN",1997,6594,9283495,710.3
"Senegal","SEN",1998,6594,9502952,693.9
"Senegal","SEN",1999,3668,9730887,376.9
"Senegal","SEN",2000,5839,9968260,585.8
"Senegal","SEN",2001,24789,10212942,2427.2
"Senegal","SEN",2002,18184,10466214,1737.4
"Senegal","SEN",2003,1519,10721176,141.7
"Senegal","SEN",2004,31,10975704,2.8
"Senegal","SEN",2005,0,11235472,0
"Senegal","SEN",2006,3,11500094,0.3
"Senegal","SEN",2007,11,11770344,0.9
"Senegal","SEN",2008,6,12048959,0.5
"Senegal","SEN",2009,999,12337389,81
"Senegal","SEN",2010,428,12635413,33.9
"Senegal","SEN",2011,18,12958897,1.4
"Senegal","SEN",2012,46,13310495,3.5
"Senegal","SEN",2013,17,13710849,1.2
"Senegal","SEN",2014,32,14152102,2.3
"Senegal","SEN",2015,58,14593331,4
"Senegal","SEN",2016,162,15034521,10.8
"Senegal","SEN",2017,11,15475002,0.7
"Senegal","SEN",2018,12,15914498,0.8
"Senegal","SEN",2019,267,16352922,16.3
"Senegal","SEN",2020,212,16789219,12.6
"Senegal","SEN",2021,187,17220867,10.9
"Senegal","SEN",2022,508,17651103,28.8
"Senegal","SEN",2023,564,18077573,31.2
"Seychelles","SYC",1980,3,63261,47.4
"Seychelles","SYC",1981,4,64035,62.5
"Seychelles","SYC",1982,347,64413,5387.1
"Seychelles","SYC",1983,267,64335,4150.2
"Seychelles","SYC",1984,19,64717,293.6
"Seychelles","SYC",1985,10,65244,153.3
"Seychelles","SYC",1986,4,65652,60.9
"Seychelles","SYC",1987,2,68499,29.2
"Seychelles","SYC",1988,0,68755,0
"Seychelles","SYC",1989,5,69167,72.3
"Seychelles","SYC",1990,13,69507,187
"Seychelles","SYC",1991,6,70439,85.2
"Seychelles","SYC",1992,0,70763,0
"Seychelles","SYC",1993,0,72253,0
"Seychelles","SYC",1994,0,74205,0
"Seychelles","SYC",1995,0,75304,0
"Seychelles","SYC",1996,2,76417,26.2
"Seychelles","SYC",1997,3,77319,38.8
"Seychelles","SYC",1998,626,78846,7939.5
"Seychelles","SYC",1999,2,80410,24.9
"Seychelles","SYC",2001,0,81202,0
"Seychelles","SYC",2002,0,83723,0
"Seychelles","SYC",2003,0,82781,0
"Seychelles","SYC",2004,0,82475,0
"Seychelles","SYC",2005,0,82858,0
"Seychelles","SYC",2006,10,84600,118.2
"Seychelles","SYC",2007,1,85033,11.8
"Seychelles","SYC",2008,0,86956,0
"Seychelles","SYC",2009,0,87298,0
"Seychelles","SYC",2010,0,89770,0
"Seychelles","SYC",2011,0,87441,0
"Seychelles","SYC",2012,0,88303,0
"Seychelles","SYC",2013,0,89949,0
"Seychelles","SYC",2014,0,91359,0
"Seychelles","SYC",2015,0,93419,0
"Seychelles","SYC",2016,0,94677,0
"Seychelles","SYC",2017,0,95843,0
"Seychelles","SYC",2019,0,97625,0
"Seychelles","SYC",2020,27,98462,274.2
"Seychelles","SYC",2021,0,99258,0
"Seychelles","SYC",2022,0,119878,0
"Seychelles","SYC",2023,0,119773,0
"Sierra Leone","SLE",1980,3625,3272089,1107.9
"Sierra Leone","SLE",1981,3408,3338940,1020.7
"Sierra Leone","SLE",1982,4102,3408183,1203.6
"Sierra Leone","SLE",1983,4327,3481646,1242.8
"Sierra Leone","SLE",1984,4016,3558758,1128.5
"Sierra Leone","SLE",1985,3351,3638438,921
"Sierra Leone","SLE",1986,164,3728380,44
"Sierra Leone","SLE",1987,1000,3829718,261.1
"Sierra Leone","SLE",1988,207,3934517,52.6
"Sierra Leone","SLE",1989,625,4034037,154.9
"Sierra Leone","SLE",1990,830,4196828,197.8
"Sierra Leone","SLE",1991,284,4246267,66.9
"Sierra Leone","SLE",1992,914,4166366,219.4
"Sierra Leone","SLE",1993,2288,4157130,550.4
"Sierra Leone","SLE",1994,114,4173105,27.3
"Sierra Leone","SLE",1995,344,4179179,82.3
"Sierra Leone","SLE",1997,361,4253716,84.9
"Sierra Leone","SLE",2000,3575,4423611,808.2
"Sierra Leone","SLE",2001,649,4692716,138.3
"Sierra Leone","SLE",2002,568,4971435,114.3
"Sierra Leone","SLE",2003,586,5177687,113.2
"Sierra Leone","SLE",2004,7,5355717,1.3
"Sierra Leone","SLE",2005,29,5501712,5.3
"Sierra Leone","SLE",2006,33,5624466,5.9
"Sierra Leone","SLE",2007,0,5749352,0
"Sierra Leone","SLE",2008,44,5894722,7.5
"Sierra Leone","SLE",2009,31,6055646,5.1
"Sierra Leone","SLE",2010,1089,6222714,175
"Sierra Leone","SLE",2011,1865,6387251,292
"Sierra Leone","SLE",2012,678,6551080,103.5
"Sierra Leone","SLE",2013,15,6714051,2.2
"Sierra Leone","SLE",2014,1006,6876385,146.3
"Sierra Leone","SLE",2015,607,7037655,86.3
"Sierra Leone","SLE",2016,920,7205328,127.7
"Sierra Leone","SLE",2017,1873,7379299,253.8
"Sierra Leone","SLE",2018,344,7554563,45.5
"Sierra Leone","SLE",2019,40,7731991,5.2
"Sierra Leone","SLE",2020,17,7912558,2.1
"Sierra Leone","SLE",2021,170,8094602,21
"Sierra Leone","SLE",2022,731,8276807,88.3
"Sierra Leone","SLE",2023,645,8460512,76.2
"South Africa","ZAF",1980,19193,29518857,650.2
"South Africa","ZAF",1981,15809,30541044,517.6
"South Africa","ZAF",1982,12906,31615339,408.2
"South Africa","ZAF",1983,16735,32739304,511.2
"South Africa","ZAF",1984,16160,33892788,476.8
"South Africa","ZAF",1985,17884,35042093,510.4
"South Africa","ZAF",1986,13459,36180515,372
"South Africa","ZAF",1987,22559,37326190,604.4
"South Africa","ZAF",1988,15258,38480649,396.5
"South Africa","ZAF",1989,18268,39628575,461
"South Africa","ZAF",1990,10624,40746268,260.7
"South Africa","ZAF",1991,4777,41687898,114.6
"South Africa","ZAF",1992,22745,42443509,535.9
"South Africa","ZAF",1993,12870,43297156,297.2
"South Africa","ZAF",1994,6845,44004139,155.6
"South Africa","ZAF",1995,8845,44541554,198.6
"South Africa","ZAF",1996,6501,45123018,144.1
"South Africa","ZAF",1997,1337,45666838,29.3
"South Africa","ZAF",1998,977,46223880,21.1
"South Africa","ZAF",1999,385,46730335,8.2
"South Africa","ZAF",2000,1459,47159719,30.9
"South Africa","ZAF",2001,1166,47566800,24.5
"South Africa","ZAF",2002,1043,48019415,21.7
"South Africa","ZAF",2003,244,48500348,5
"South Africa","ZAF",2004,830,48991421,16.9
"South Africa","ZAF",2005,615,49490033,12.4
"South Africa","ZAF",2006,81,49998277,1.6
"South Africa","ZAF",2007,31,50528584,0.6
"South Africa","ZAF",2008,39,51114599,0.8
"South Africa","ZAF",2009,5857,51728516,113.2
"South Africa","ZAF",2010,12499,52344051,238.8
"South Africa","ZAF",2011,92,52995205,1.7
"South Africa","ZAF",2012,32,53782567,0.6
"South Africa","ZAF",2013,25,54678791,0.5
"South Africa","ZAF",2014,66,55594838,1.2
"South Africa","ZAF",2015,17,56723537,0.3
"South Africa","ZAF",2016,18,57259551,0.3
"South Africa","ZAF",2017,210,57635162,3.6
"South Africa","ZAF",2018,71,58613001,1.2
"South Africa","ZAF",2019,59,59587885,1
"South Africa","ZAF",2020,40,60562381,0.7
"South Africa","ZAF",2021,21,61502603,0.3
"South Africa","ZAF",2022,400,62378410,6.4
"South Africa","ZAF",2023,1033,63212384,16.3
"Togo","TGO",1980,33960,2920894,11626.6
"Togo","TGO",1981,19043,3013043,6320.2
"Togo","TGO",1982,21925,3115042,7038.4
"Togo","TGO",1983,19403,3222899,6020.4
"Togo","TGO",1984,25869,3332837,7761.9
"Togo","TGO",1985,25729,3441091,7477
"Togo","TGO",1986,13119,3547952,3697.6
"Togo","TGO",1987,10111,3657508,2764.5
"Togo","TGO",1988,17577,3769742,4662.7
"Togo","TGO",1989,3499,3883411,901
"Togo","TGO",1990,4548,3998761,1137.4
"Togo","TGO",1991,9934,4115560,2413.8
"Togo","TGO",1992,6959,4233617,1643.7
"Togo","TGO",1993,4017,4207453,954.7
"Togo","TGO",1994,7298,4222940,1728.2
"Togo","TGO",1995,6144,4410832,1392.9
"Togo","TGO",1996,223,4577860,48.7
"Togo","TGO",1997,450,4725030,95.2
"Togo","TGO",1998,3771,4860913,775.8
"Togo","TGO",1999,2540,5000269,508
"Togo","TGO",2000,3578,5140037,696.1
"Togo","TGO",2001,1833,5277382,347.3
"Togo","TGO",2002,363,5413274,67.1
"Togo","TGO",2003,295,5552167,53.1
"Togo","TGO",2004,61,5696508,10.7
"Togo","TGO",2005,38,5844631,6.5
"Togo","TGO",2006,26,6010668,4.3
"Togo","TGO",2007,8,6188344,1.3
"Togo","TGO",2008,187,6368812,29.4
"Togo","TGO",2009,425,6551865,64.9
"Togo","TGO",2010,120,6732590,17.8
"Togo","TGO",2011,187,6916474,27
"Togo","TGO",2012,238,7100736,33.5
"Togo","TGO",2013,564,7285442,77.4
"Togo","TGO",2014,577,7472450,77.2
"Togo","TGO",2015,20,7663195,2.6
"Togo","TGO",2016,15,7858289,1.9
"Togo","TGO",2017,46,8057140,5.7
"Togo","TGO",2018,38,8258778,4.6
"Togo","TGO",2019,69,8463068,8.2
"Togo","TGO",2020,91,8669720,10.5
"Togo","TGO",2021,82,8878379,9.2
"Togo","TGO",2022,722,9089738,79.4
"Togo","TGO",2023,686,9304337,73.7
"Uganda","UGA",1980,13415,13275741,1010.5
"Uganda","UGA",1981,18630,13556452,1374.3
"Uganda","UGA",1982,11408,13873631,822.3
"Uganda","UGA",1983,43016,14221881,3024.6
"Uganda","UGA",1984,20072,14607677,1374.1
"Uganda","UGA",1988,1666,16470483,101.2
"Uganda","UGA",1989,660,17010698,38.8
"Uganda","UGA",1990,2637,17569897,150.1
"Uganda","UGA",1992,36511,18785032,1943.6
"Uganda","UGA",1994,49815,20108801,2477.3
"Uganda","UGA",1995,42659,20665667,2064.2
"Uganda","UGA",1996,26198,21231550,1233.9
"Uganda","UGA",1997,12562,21856046,574.8
"Uganda","UGA",1998,42528,22515806,1888.8
"Uganda","UGA",1999,42737,23257281,1837.6
"Uganda","UGA",2000,42554,24000150,1773.1
"Uganda","UGA",2001,48543,24745676,1961.7
"Uganda","UGA",2002,49871,25532870,1953.2
"Uganda","UGA",2003,29429,26352124,1116.8
"Uganda","UGA",2004,141,27154515,5.2
"Uganda","UGA",2005,22,27963289,0.8
"Uganda","UGA",2006,5736,28794003,199.2
"Uganda","UGA",2007,3776,29653430,127.3
"Uganda","UGA",2008,1319,30539553,43.2
"Uganda","UGA",2009,1601,31451151,50.9
"Uganda","UGA",2010,1313,32390802,40.5
"Uganda","UGA",2011,3312,33354543,99.3
"Uganda","UGA",2012,2027,34337438,59
"Uganda","UGA",2013,7878,35337042,222.9
"Uganda","UGA",2014,314,36395539,8.6
"Uganda","UGA",2015,478,37531446,12.7
"Uganda","UGA",2016,139,38799152,3.6
"Uganda","UGA",2017,1021,40177388,25.4
"Uganda","UGA",2018,2627,41565831,63.2
"Uganda","UGA",2019,920,42999637,21.4
"Uganda","UGA",2020,314,44457152,7.1
"Uganda","UGA",2021,606,45910930,13.2
"Uganda","UGA",2022,52,47312719,1.1
"Uganda","UGA",2023,399,48656601,8.2
"United Republic of Tanzania","TZA",1980,63100,19189769,3288.2
"United Republic of Tanzania","TZA",1981,79764,19784703,4031.6
"United Republic of Tanzania","TZA",1982,102127,20398571,5006.6
"United Republic of Tanzania","TZA",1983,68804,21079874,3264
"United Republic of Tanzania","TZA",1984,39311,21779066,1805
"United Republic of Tanzania","TZA",1985,46032,22501693,2045.7
"United Republic of Tanzania","TZA",1986,38229,23258959,1643.6
"United Republic of Tanzania","TZA",1987,42109,24030378,1752.3
"United Republic of Tanzania","TZA",1988,14568,24769686,588.1
"United Republic of Tanzania","TZA",1989,7033,25438759,276.5
"United Republic of Tanzania","TZA",1990,14920,26110207,571.4
"United Republic of Tanzania","TZA",1991,27188,26780436,1015.2
"United Republic of Tanzania","TZA",1992,13040,27457588,474.9
"United Republic of Tanzania","TZA",1993,16471,28332692,581.3
"United Republic of Tanzania","TZA",1994,3558,29442356,120.8
"United Republic of Tanzania","TZA",1995,3160,30383497,104
"United Republic of Tanzania","TZA",1996,10676,30945762,345
"United Republic of Tanzania","TZA",1997,7287,31578089,230.8
"United Republic of Tanzania","TZA",1998,10023,32420458,309.2
"United Republic of Tanzania","TZA",1999,5887,33300330,176.8
"United Republic of Tanzania","TZA",2000,14649,34260139,427.6
"United Republic of Tanzania","TZA",2001,11847,35198299,336.6
"United Republic of Tanzania","TZA",2002,5131,36121304,142
"United Republic of Tanzania","TZA",2003,1673,37089555,45.1
"United Republic of Tanzania","TZA",2004,1419,38109668,37.2
"United Republic of Tanzania","TZA",2005,23,39182076,0.6
"United Republic of Tanzania","TZA",2006,2362,40294902,58.6
"United Republic of Tanzania","TZA",2007,7726,41435512,186.5
"United Republic of Tanzania","TZA",2008,3413,42570728,80.2
"United Republic of Tanzania","TZA",2009,1574,43633982,36.1
"United Republic of Tanzania","TZA",2010,167,44758488,3.7
"United Republic of Tanzania","TZA",2011,1622,46029367,35.2
"United Republic of Tanzania","TZA",2012,1668,47374260,35.2
"United Republic of Tanzania","TZA",2013,185,48824128,3.8
"United Republic of Tanzania","TZA",2014,88,50351512,1.7
"United Republic of Tanzania","TZA",2015,30,52020962,0.6
"United Republic of Tanzania","TZA",2016,33,53824013,0.6
"United Republic of Tanzania","TZA",2017,852,55652890,15.3
"United Republic of Tanzania","TZA",2018,74,57437145,1.3
"United Republic of Tanzania","TZA",2019,120,59174891,2
"United Republic of Tanzania","TZA",2020,127,60972798,2.1
"United Republic of Tanzania","TZA",2021,0,62830412,0
"United Republic of Tanzania","TZA",2022,612,64711821,9.5
"United Republic of Tanzania","TZA",2023,2887,66617606,43.3
"Zambia","ZMB",1980,98659,5802833,17001.9
"Zambia","ZMB",1981,184210,5983289,30787.4
"Zambia","ZMB",1982,73499,6178637,11895.7
"Zambia","ZMB",1983,51140,6381038,8014.4
"Zambia","ZMB",1984,36881,6580490,5604.6
"Zambia","ZMB",1985,51000,6780953,7521.1
"Zambia","ZMB",1986,23866,6986471,3416
"Zambia","ZMB",1987,14793,7191282,2057.1
"Zambia","ZMB",1988,12487,7391440,1689.4
"Zambia","ZMB",1989,5747,7589216,757.3
"Zambia","ZMB",1990,6748,7786169,866.7
"Zambia","ZMB",1991,2822,7981650,353.6
"Zambia","ZMB",1992,11006,8176680,1346
"Zambia","ZMB",1993,11829,8373921,1412.6
"Zambia","ZMB",1994,14255,8576269,1662.1
"Zambia","ZMB",1995,8533,8785763,971.2
"Zambia","ZMB",1996,9459,9004053,1050.5
"Zambia","ZMB",1997,7140,9237063,773
"Zambia","ZMB",1999,23518,9740005,2414.6
"Zambia","ZMB",2000,30930,10017631,3087.6
"Zambia","ZMB",2001,16997,10325185,1646.2
"Zambia","ZMB",2002,25036,10647949,2351.3
"Zambia","ZMB",2003,881,10983595,80.2
"Zambia","ZMB",2004,35,11338198,3.1
"Zambia","ZMB",2005,45,11718819,3.8
"Zambia","ZMB",2006,459,12129553,37.8
"Zambia","ZMB",2007,535,12565085,42.6
"Zambia","ZMB",2008,140,13021324,10.8
"Zambia","ZMB",2009,26,13490389,1.9
"Zambia","ZMB",2010,15754,13965594,1128.1
"Zambia","ZMB",2011,13234,14437796,916.6
"Zambia","ZMB",2012,896,14913629,60.1
"Zambia","ZMB",2013,35,15398997,2.3
"Zambia","ZMB",2014,9,15895315,0.6
"Zambia","ZMB",2015,9,16399089,0.5
"Zambia","ZMB",2016,8,16914423,0.5
"Zambia","ZMB",2017,13,17441320,0.7
"Zambia","ZMB",2018,11,17973569,0.6
"Zambia","ZMB",2019,15,18513839,0.8
"Zambia","ZMB",2020,237,19059395,12.4
"Zambia","ZMB",2021,55,19603607,2.8
"Zambia","ZMB",2022,1755,20152938,87.1
"Zambia","ZMB",2023,5653,20723965,272.8
"Zimbabwe","ZWE",1980,23650,7041303,3358.8
"Zimbabwe","ZWE",1981,4995,7498635,666.1
"Zimbabwe","ZWE",1982,4941,7796496,633.7
"Zimbabwe","ZWE",1983,36253,8098404,4476.6
"Zimbabwe","ZWE",1984,21662,8391488,2581.4
"Zimbabwe","ZWE",1985,22290,8686813,2566
"Zimbabwe","ZWE",1986,20388,8982578,2269.7
"Zimbabwe","ZWE",1987,17675,9284644,1903.7
"Zimbabwe","ZWE",1988,49812,9583094,5197.9
"Zimbabwe","ZWE",1989,47509,9864798,4816
"Zimbabwe","ZWE",1990,13728,10137281,1354.2
"Zimbabwe","ZWE",1991,24090,10404816,2315.3
"Zimbabwe","ZWE",1992,17346,10702700,1620.7
"Zimbabwe","ZWE",1993,34071,10860288,3137.2
"Zimbabwe","ZWE",1994,37785,10873148,3475.1
"Zimbabwe","ZWE",1995,8529,10974599,777.2
"Zimbabwe","ZWE",1996,37407,11158360,3352.4
"Zimbabwe","ZWE",1997,12971,11369827,1140.8
"Zimbabwe","ZWE",1998,2049,11594297,176.7
"Zimbabwe","ZWE",1999,772,11783458,65.5
"Zimbabwe","ZWE",2000,1483,11892055,124.7
"Zimbabwe","ZWE",2001,529,11971901,44.2
"Zimbabwe","ZWE",2002,304,12087653,25.1
"Zimbabwe","ZWE",2003,998,12232323,81.6
"Zimbabwe","ZWE",2004,31,12365896,2.5
"Zimbabwe","ZWE",2005,420,12483432,33.6
"Zimbabwe","ZWE",2006,212,12636445,16.8
"Zimbabwe","ZWE",2007,242,12804058,18.9
"Zimbabwe","ZWE",2008,0,12959149,0
"Zimbabwe","ZWE",2009,853,13142790,64.9
"Zimbabwe","ZWE",2010,9696,13356548,725.9
"Zimbabwe","ZWE",2011,0,13595424,0
"Zimbabwe","ZWE",2012,0,13817887,0
"Zimbabwe","ZWE",2013,0,14013808,0
"Zimbabwe","ZWE",2014,0,14207359,0
"Zimbabwe","ZWE",2015,0,14399013,0
"Zimbabwe","ZWE",2016,1,14600294,0.1
"Zimbabwe","ZWE",2017,1,14812482,0.1
"Zimbabwe","ZWE",2018,1,15034452,0.1
"Zimbabwe","ZWE",2019,4,15271368,0.3
"Zimbabwe","ZWE",2020,3,15526888,0.2
"Zimbabwe","ZWE",2021,282,15797210,17.9
"Zimbabwe","ZWE",2022,5532,16069056,344.3
"Zimbabwe","ZWE",2023,5532,16340822,338.5
